PFDITD;357.1428571380915
PFDIpi2020;113.26530612334315
KIPKosmos;100.0
PFDIpi2030;99.99999999966897
SI SICAV Securus EUR R;97.2265241615572
KFDIIDPOG;61.88235294117392
Atlair;50.0
WI Kopenh Fur;50.0
DINMSCAkDKK;50.0
SI SICAV ValueBds 2019 50/50R;50.0
PFAInvKoObl;50.0
LIOblGlobIGAK;50.0
KFSIVIEtis;50.0
DIIOAkDh;50.0
KinvLCGblEqui;50.0
DI CA Fond;50.0
Torm A Aktie;49.999999999999986
SK.Avkastning;27.693305773054583
CGS FMS R Glo. Evo. EM Bl. Deb;25.564879026963784
2,50% NYKREDIT 77S BA 2047;24.95899806176643
DIEFFKObl;24.95176762643541
SI SICAV Balance EUR R;24.905075463578303
ABI Korte;24.89854454843641
Diengflexkort;24.869412903281056
Diengflexudlo;24.865862423856985
Diengflexdkob;24.854869366691965
Diengflexakti;24.84801445484515
DIEDKOAAkDKWh;24.81681416785927
ABI Euro;24.812852346431
2,50% LRF I 2048;24.79646210910616
ABI Lange Obl;24.77865041460057
SI SICAV Procedo EUR R;24.746132936309404
DIEOGlInd;24.70924089958995
SI SICAV Procedo DKK R;24.676823609592784
ABI Mix Def.;24.58865703775563
SI SICAV Balance DKK R;24.513228790438966
Marel;24.476059354443937
JI Pen.Vak;24.451068781765244
ABI Mix Off.;24.447121969624142
ABI Mix;24.428163935308525
ABI Nordiske;24.366693673452954
NI Basis 2;24.32162370480072
JI Pen.Stabil;24.263344425268794
JI Pen.Bal;24.10631905793548
KNI.BAL.D;24.077734011958697
Balan.udb.III;24.039242980872295
Ni Aktier Ii;23.962972552328036
KNI.BAL.M;23.93323084022672
NI PF KO OB;23.923468221703008
BI Op. 70 KL;23.920977374098232
DIGLOBALPLUS;23.91295932881293
DIDKIndOb;23.896515223708366
NI Basis 3;23.78105589758002
ABI Global;23.768417427200404
NI PF VE OB;23.75611830296753
NI PF LA OB;23.72804726343585
HFNI PO FS;23.692017167049965
NI PF AK;23.668918641702476
SI MIX LR KL;23.62855728870425
NI aktier;23.468727501137984
BI Op. 50+ KL;23.4415759308986
NI Ver Obl;23.426853992169796
JI Pen.Dampet;23.372660045179288
0,00% Kommunekre Gl Akt 3 2019;23.282809303102425
NI Ko Obl Lag;23.211009213169024
NIP Eksfo;23.139052700661978
CWW Emerg.M;23.122584034927502
NI AktStrat;23.11402039728217
NI Korte Obl.;23.103180457071712
Stb.Akt.Akk.;23.101783010225123
Jyinv Obl&akt;23.024819921308325
0,00% KK EuAkt18 2018;22.965154713437055
DI Danbr MObl;22.90982692538732
DIGLOSTPICKI2;22.901204785336006
DI Engros;22.89818904057289
KNI.BAL.O;22.890243024447255
Jyinv Kor Obl;22.873356313014597
DI Engr FF;22.86975109193482
SI MIX HR KL;22.867810088143717
MLO A DKK Akk;22.814589376848552
SI MIX MR KL;22.797158989696975
Triodos Sus Mixed Fund R DIS;22.75006444424118
Konser.Udb.II;22.74331517348862
Ni Mlmla obl;22.731230170050516
Vaksto.Ud.III;22.70569942903752
SI Cumulus KL;22.667472373720248
InvestinOptMo;22.532170631112894
NI Basis1;22.524285069439063
Triodos Sus Mixed Fund R CAP;22.521438418580743
MMIUSASMA;22.520993195170398
INIOpt.Sta;22.478424355300266
0,00% Credit Suisse SPLB-007 2019;22.411376215731902
NI Basis 4;22.37828015837107
SI Kor.Obl.KL;22.36032720828673
VAIGAKKL;22.28846631543181
Triodos Renewables Eur Cl R;22.288230647439207
0,00% LAn 7008 EU EK 2018;22.275553036609345
Triodos Microfin. Fund R CAP;22.17763643468067
BI EMOBAKK KL;22.142830114093922
SI SICAV Securus DKK R;22.03047825563185
0,00% LAN 7010 Kinesisk 2018;22.022507731054937
VO HY A DK AK;21.979512146854354
Jyinv Lan Obl;21.963733552344102
SI SICAV Long Danish Bonds R;21.96066770171299
HI Verden Verden;21.922163149916415
NI GloSmlCap;21.875329358487207
AL Invest Obl;21.865643181199214
InIAktBal;21.855760544331364
ML Obl A DKK;21.83658948713834
BI KDO Akk KL;21.78444523857321
MS Inv Value;21.761285182415644
HI DK OBL;21.729843175784623
DI Danmark Afd1;21.705332553165384
Nyk.danske Ak;21.701290795378405
SIEMVVOBL KL;21.686055557382076
Triodos Microfin. Fund R DIS;21.67803777435267
NI Stb Bal;21.672848823476503
BI LaDKObl KL;21.656803369806514
SI MA KL;21.627770112105864
DKIMOA;21.626846824332134
DIKlimatre;21.60395567452213
LIAktGlobIII;21.603578472469376
DIMIXOBL;21.51759834949009
0,00% SEB AB 1A 2017;21.50840906716808
Triodos Sus Bond Fund R DIS;21.503033823909114
SI MAA KL;21.399124800165133
SI VEM KL;21.395306696873188
Di Udl Obl;21.373671789011762
Triodos Sus Pioneer Fund R CAP;21.30078093415327
INIOptLc30;21.28777390915448
Sydinv Fonde;21.283542440152186
BI DK Akt. KL;21.28168051394293
SI ML OBL KL;21.25081936494674
4,00% OSTIFTER ALM 07S;21.247638659006412
FJO A DKK AKK;21.191853635616102
BI KDO KL;21.17575958957054
Di Fonde;21.173359880850086
BI Udl.Obl.KL;21.168434363606224
SIHRL A DK AK;21.12192892328811
4,00% DANMARK 10S EA 2017;21.108816305833134
DIDANMINDEKS;21.101409350283408
HI Latin;21.04152883321527
0,00% Kommunekre Akt.usd 2017;21.03711495406469
SEBinv INV.KT;20.97265930479
SKAGENFOC A;20.938540019354686
MajPension;20.901843766714304
GEMA A DKK AK;20.894111805933115
LI Akt Glob;20.875454836543238
SKAGEN Tellus;20.865020453031242
NI Fonde;20.837116729886233
0,00% SEB AB 39S 1A 2017;20.82602595580499
DIFJOSINDEKS;20.823228711602233
SI Dsk.Aktier KL;20.797022038998765
KF Mermaid;20.792437266130285
LSI MIXOBL;20.752585436234863
Verd L&VADkAK;20.747542764559615
Triodos Sus Equity Fund R DIS;20.6929937559999
ABI Virksomh;20.674658867413203
BIAsiat.Ak.KL;20.651021576608326
Triodos Sus Bond Fund R CAP;20.650268746972
NI Kred.Obl.;20.631623696537112
Sydinv Brik;20.61741519401752
SI NYE OB MK KL;20.616617552768737
0,00% NBF EuropaHY 2021;20.583039792622635
NI Lang Obl.;20.554993722373823
BIEMOBLokv.KL;20.5230037179194
World Wide;20.376409104651664
0,00% NBF Finans 2020;20.357384179475734
SI IGVBU KL;20.305478373917293
Ni Usa;20.296542980820774
Nordfyns Bank;20.276793081318857
DINORDINDEKS;20.268716300153066
SI Afr.KL;20.25885300757509
SI Value Akti KL;20.24500849870932
0,00% SEB AB 75S 1A 2017;20.212567592765243
0,00% SI OLIE1 SI OLIE1 2018;20.197811025203332
HI Kina;20.18738492748328
NI GStars;20.18139270506817
DIGLOINDEKS2;20.15574470913134
8,00% TOTALKREDIT 111 C 2032;20.15266958403958
Balan.udb. II;20.08695750248128
SEBinv DAK AK;20.036166395819794
BLSGLAAKK;20.012614048800113
BI VOIGAkkKL;20.009174352364063
BI.EmMa.Ak KL;19.999388636666147
Djurslands Bk;19.993122092191914
0,00% KK Globale AktierII 2018;19.970697376281446
10,00% KD ENHED 23S BA 2024;19.835791008346902
NI NStars;19.792217050693424
Triodos Sus Equity Fund R CAP;19.746256506930017
Di Europa Obl;19.722706756529
SPIJAS KL;19.7111869177464
Ni Osteuropa;19.69866349352052
SI Europ L&V;19.68945170564546
InAdviceCapGl;19.676501152125788
SI Danm.A DKK;19.667013154125577
BIGl.ForbrKL;19.586039573460145
Rockwool A Aktie;19.583243028651236
DINORDEN;19.573167998762163
SI SICAV Equitas EUR R;19.570837642192345
DI GlHudb;19.51779070304765
0,00% SEB Nordic 1A 2017;19.499976369393664
0,00% NBF USA 2017;19.4712978013517
DI Kina;19.445884580425258
BIVi.ob.IG KL;19.38140339245323
0,00% Health Care (USD) 2017;19.36943939961416
HI Danmark Danmark;19.35454499941957
PFAInvBalB;19.341950544100776
PFAInvBalA;19.308974050548596
WI DYN FORM I;19.26931788404439
Di Tyskland;19.266001281357106
Jyinv USA Akt;19.25517325656731
NI Europa;19.182722028857064
8,75% Nordfyns Perp Hybrid;19.1757779646762
Ni Fjernosten;19.175689556646464
SI Tysklan KL;19.155365944290924
BiBa Gl.AK.KL;19.14357652227076
SKAGENVekst A;19.14056424772155
0,00% Lan 7009 Syd EUR 2018;19.11184278859137
Ni Nosmallcap;19.11103519189297
LIAKTGLOBII;19.02261427757011
WISecGlObl;18.995834403459934
Si Latinamer.;18.98425923784756
BI Eu.Sm.C.Ak;18.98394271958351
WISecGlAk;18.950759731962123
SI HY VAL BD KL;18.92935219926331
SI VB16U;18.92721844098054
SI VE KL;18.91806889753446
ONXEO;18.871636792602025
Totalbanken;18.86862924766649
DIEUFOKUS;18.862950673143143
Jyinv Kinesis;18.829505467006356
GR NA;18.801400896962313
BIGlIndobl.KL;18.800149721165287
NI Danmark;18.78598654921837
LSI KORTE OBL;18.771750640007642
LI Obl EU;18.75227164979706
Di Fjernosten;18.619101998065197
DISELAAKT;18.571053534899697
BI USASm.C.Ak;18.564640541192215
BI EM Obl. KL;18.557993667104114
BI NewEmAk KL;18.54045497851645
BIBaGlAkAkKL;18.539030505597463
HI Hojren;18.503118076661192
0,00% Kommunekre GrEnergi 2016;18.490949428766935
SI Value USA KL;18.490905526751497
FI STOCK PICK;18.48830668200163
4,50% OSTIFTER ALM 07S;18.486763877589336
SI KORTE OBL KL;18.400923741742467
SPIDJW KL;18.379503442064507
Scandi KL;18.37229983277139
SI VB17U KL;18.3546440045912
PFAInvBaC;18.34158657906669
Salling Bank;18.332928604225387
SII SO KL;18.331978832478704
NYIEVO;18.326950900102666
SI SICAV Corp Val. Bonds EU R;18.295267890374973
SPKSJL;18.293043585888263
MajDKObl;18.288650094162847
Vaksto.Udb.II;18.23942833617597
EMB IEUR Acc;18.223485430429662
ALINVUDAET;18.208070428448057
DIAfrikaAk;18.157940404582455
SI SICAV HYV Bd SD 2018 EUR R;18.115535614133517
ABIABR;18.07393283442564
SPIEMI KL;18.073100800952933
BI Op. 10+ KL;18.055408388377465
Hi Fjern Fjernosten;18.05258654640109
0,00% NBF Kurvstjl 2020;18.04623144754509
KFLSMI 2016-P;18.009729653395507
3,50% OSTIFTER ALM 07S;18.006418238572476
LSI Europa;17.965443315956353
5,00% RD 27S SA 2044;17.953194282405086
LIOEUAKKKL;17.87789586219539
Ni Eu.sml.cap;17.682252150672845
HI Norden;17.597633114503303
JI DK Aktier;17.590355081391948
Mmi Euro Akk;17.45788876231598
SKAGENCRE A;17.428216549207665
0,00% KK Globforb 2016;17.37250317406446
DIEGESAklDKKW;17.35326645370784
DKIMA;17.345859203704407
NI Virkobl;17.34303977027458
Jyinv Europai;17.33260860007916
0,00% NBF EU vs US 2018;17.332063722757184
Di Teknologi;17.328557756193984
VAIGLOKL;17.326871024811613
0,00% NBF Finansak 2018;17.275149150125728
LSI Danmark;17.225242128228828
2,50% KK 104 AI 2022;17.21084967195816
DIGloIndAkKlh;17.19028706359925
SI GEMAKL;17.16294408770115
MMI JAPAN AKK Lazard;17.15506885991341
LI Akt EU;17.145791071913774
0,00% Kommunekre Hojrtval 2017;17.119806520830572
0,00% Nordea Fin Med.virk 2018;17.080688425717664
Strat.Akt;17.06902489757468
SI SICAV European Value Eq R;17.06597947717881
SIVer.L&VA DK;17.056478677909674
MajGlObligat;17.038542853387316
DINMAKKKL;17.023450858137004
Si Brik Akkum;17.007874830219254
MMI Nye AK;16.965164120564364
DIENGGLOBAL;16.947168523754424
NI Kort Obl.;16.910144548374863
InterMail A/S B Aktie;16.845395971393927
BIViObl.HYKL;16.824160695474134
JI M.Ak i Lik Kapitalforening;16.80696127960642
MMI Nye AM;16.80135873851531
SI SICAV Value Bds 2016 EUR R;16.76645307848745
SPIEUC KL;16.766386463549193
SI SICAV Global Value EUR R;16.697087956232874
SI HojrenteKL;16.680667476684256
MMI Europa;16.677614941083238
12,00% KD ENHED 53S 2020;16.65333402146986
0,00% NBF US Efter 2019;16.630447214914792
HI Virkso;16.621825261688468
MMIUSA SM;16.615799615675133
Si Internati.;16.60639084238305
SPIUSS KL;16.596270668472123
Di Latinamer.;16.570554945445615
Virkobl.HY KL;16.554782402919784
Mons Bank;16.52852744903235
Hvidbjerg Bk.;16.50311446309454
MMI Japan Alliance Bernstein;16.495109886925103
DIEGLOREST;16.475779645385284
0,00% NBF Tyrkiet 2017;16.463169193613307
LIAKGIIAKKKL;16.42136178315559
0,00% NBF AB GIb A 2019;16.41223082777454
VAIBLUEKL;16.398844080693365
0,00% NBF Tysk vir 2018;16.375779365585036
InvKInvIndobl;16.372202017865465
0,00% SEB Vakst Val 1A 2016;16.33655881463566
0,00% NBF EU aktie 2019;16.228148447016967
IMMI GA;16.169958272660313
FISP II AKK;16.141101319629687
Maj Glob.Sund;16.135570381341545
SEBinvKrObEUR;16.12849281117977
SEBinv INV ML;16.10713232205931
Cemat A/S;16.07306317971601
0,00% NBF EM Val 2017;16.05506072874491
DIEuHUAkD;16.034642558296195
Dk Indust Inv;16.028309978272546
LIAKGAKKKL;16.016397259050848
SI USA LI &VA;15.964758425968437
NI StabilAkt;15.936479418818566
NI Eng. Obl.;15.922288041604379
SI Fjernosten;15.902179463051436
0,00% NBF AB GI. K 2021;15.877529031485693
Strat.stabil;15.876434458427289
NI Hojrent;15.814449758357508
Global;15.812814708735626
JI FX Alp Kapitalforening;15.790738595460718
HI Europa Europa;15.76752114178024
Jyinv Indiske;15.755568247699397
NI Indien;15.733509497086928
Ji Global Equ CL;15.69439726166345
NI Lange Obl;15.685059655557371
Bond;15.681475903614459
CWW GlAk.Stab;15.670903151087515
JI FavoritObl;15.623799305411884
IMMI GA AK;15.605463657879918
VakstorienIII;15.55239534263621
0,00% Nykr.Bank NB US 2018;15.534558440592217
VAIJAPKL;15.522245318187569
BIEMVi.o.2018;15.504161383007755
KFLAMI 2019-P;15.488210532513024
CWW.gl.ak.akk;15.465595777170185
SI VB18U KL;15.412102638180652
Vakstor.Udb.I;15.409372522795811
Klima & Miljo;15.380703015905938
Si Hojrtl Mix;15.374459516198147
Mmi Usa Asa Rosenberg;15.338604035977376
NI Virk Hoj R;15.318318168095828
Mmi Usa Akk Asa Rosenberg;15.30518269133944
0,00% NBF Espit 17 2017;15.277673545966245
0,00% NBF KINA 2017;15.272787412605538
LSI OBL;15.269198521255658
NI Taktisk;15.233270253459724
0,00% NBF AB SDKV 2021;15.197109067017077
4,00% OSTIFTER ALM 16S 04A 2028;15.16870494026148
0,00% NBF Mexico 2017;15.12905360688286
DI Osteuropa;15.128381045421449
JI Danish Bo. CL;15.085431719436372
DIEDOA;15.054815692811927
SHIGVAKL;15.015333820758755
Stockrate;15.00566546411222
MajDKAkt;15.001012151865078
0,00% NBF TRY+INR 2017;14.942046781874312
DKIMDA;14.937276769845365
Neurosearch;14.921615791355624
Aab A/S;14.906026008307471
DIGLOSTOCKPIC;14.87259777692065
DIGLOBVIRKOB;14.792130234761803
DIDKINSMCAP;14.772496537203558
Jutlander Bk;14.770375255088236
DIDALANOBL;14.768592729992772
Lollands Bank;14.754589308836955
NIPBPMGAF1;14.743932353361844
SEBinv EU IND;14.714166962483025
SIVI.ob.IG KL;14.696990372865162
NIPBPMGAS1;14.695837324255152
LIOblGlobHY;14.695200781462445
Jyinv Globale;14.65074542386599
4,00% A/S STOREBALT 2000/ 2025;14.581898333103732
DKIMOPA;14.547765915739372
SI SICAV Invtm Grd Val Bd R;14.500441685594698
SKAGEN m2 A;14.49568027175418
MMINyeobl.mar;14.47987269084909
DIEURHOJTUDB;14.475611616866555
RTX A/S;14.448030330283995
BalanceretIII;14.396366717451517
0,47% Danske Bk. CapFloat 2019;14.376253358053656
NYIKLM;14.33730052091946
Vakstorien.II;14.317985413701312
SPIUSV KL;14.31461537001919
ABISDK;14.298912799322414
DIENGEEURFOCU;14.242297212324463
JI Obl.Engros;14.220117254674857
HP Hedg-DK O;14.162291960054645
SPIUSG KL;14.151097195831777
0,00% NBF KS II 2018;14.13416898792943
KIKinvAltKred;14.061947703436006
GR US HY;14.022019965190522
0,00% NBF ABERDEEN 2022;14.012855744433384
SKAGEN KON-TIKI A NK 100;14.002971768202096
Sirius Bal;13.957826007990995
BIVOIGEtikKL;13.946388021135114
0,00% NBF JPA 2017;13.940784989776672
8,00% TOTALKREDIT 111C 2029;13.917278736109227
BI Dan.Ak.Akk;13.896426551242183
WISEBEMEHA DKK;13.887524240465416
10,00% BRFKREDIT A/S 211 2024;13.858589734715219
BIHoUd.AktKL;13.82473844584012
Vakstorient.I;13.821781588486884
KapNyAAlt;13.783576278683299
Land&leisure B Aktie;13.756700957674429
SAS;13.754090552051142
Jyinv Nyamark;13.750419155075235
MajMakro;13.699446104880531
NIPBPMBAL1;13.684495266972924
FirstFarms;13.675298818076703
0,00% NBF GLOBAL PE 2017;13.63207479227789
Di Biotekno;13.603958103592792
BDIDSC;13.599594513074805
0,00% NBF ABEuropa 2019;13.594109661807236
Balanc.udb. I;13.465680147032074
3,00% RD 21S DA 2018;13.459827101950864
9,25% TOTAHYP2012 9,25%;13.441569282136895
DKIMOAK;13.420771034441639
8,00% NYKREDIT 13S AA 2022;13.369596720988522
NTR Holding B Aktie;13.345508508060783
PCGIFAkDW;13.341643195463327
SPIGLAMRI KL;13.309424251948546
SI HOLV A DKK;13.25150075603283
Bioporto;13.217760365651918
SI Lange Obl KL;13.168943989427904
CARNEGIE FD III;13.081297543922998
InvWeli&PaGlo;13.07803037925816
Jyinv Fjerno.;13.05608216701059
PBPM KoKL1;13.033206787437035
KINHPKDOKL Oms.begrans Kapitalf;12.915487262434288
Santa Fe Grp.;12.89837688313455
4,00% STATER S 2017;12.893109449421239
DIDKKORTEOBL;12.893036992583657
NI Glo Fok;12.874052970311068
GR SELECTION;12.845858914292721
PBPM SrKL1;12.79383500267755
HI Nordam;12.793728356985682
BLSDAAKKL;12.78262803759106
DIEurIndBNP;12.773094485988132
DIEUROINDEKS;12.749618198266703
KAPFORMFOKUS;12.743848208311825
NIP F-Obl;12.709143879649194
DIEHYOAKKDKKK;12.673644412724997
SI VIOBHY2019;12.634378381713107
SI HRL V A DK;12.611297831163807
DI Europa;12.59368342036139
Fast Ejend;12.464425297186553
PCUIFAkDW;12.373261457795936
MajGlAkt;12.352908003942249
Kreditbanken Ord Aktie;12.323633891617753
Lan & Spar;12.316408259586115
KFLSMI 2022-P;12.310005625568472
Coloplast A/S B Aktie;12.257321783259158
Roblon B Aktie;12.248619608659032
KAPFORMPARETO;12.24497160462085
8,00% BRFKREDIT A/S 111 2029;12.195649749223785
PNIDKFOAK;12.18724469049147
HPOBLSEK;12.164178445619642
IIIGEN;12.135581313663508
Balanceret II;12.016651175637069
0,00% NBF EURSw110 2017;12.002322495023224
Didanakk;11.86744801810875
DISFXAkEW;11.833428899082572
5,00% Nordea Kredit OA30 2044;11.797638811637363
SHIVMAKL;11.774780035154862
0,00% Danske Bk. DAXK 3YR 2018;11.760942139988634
Rgkg Landbobk;11.75193943584011
SI SICAV EM Corp Val Bd EU R;11.731341668019702
10,00% FK ENHED 14S 2021;11.708748551257694
MajKontra;11.671807967937939
8,00% DANMARK 23S DA 2029;11.667079586310027
EuropeanRetai;11.648844726999819
VOH2017KL;11.64793926381615
GR Classics;11.643975883693408
0,00% NBF EURSw100 2017;11.636447449293163
Nordjyske Bk;11.630645112347903
0,00% SEB AB 40S 1A 2017;11.575394561703748
4,00% OSTIFTER ALM 16S 05A 2032;11.547717114166515
Di Nye Marked;11.539765676718552
0,00% NBF Kurvstjl 2018;11.528659631300084
Flugger A/S B Aktie;11.509706645297822
Egetapper B Aktie;11.46966989163668
Chemometec As;11.430162099720151
10,00% NYKREDIT 03A 2024;11.428364205291928
InKINVEMA;11.382960692095068
3,50% NY JY KOB 12S 01A 2024;11.381891714358728
Jyinv Favorit;11.347723553165048
SPIEUG KL;11.299714110158769
INIDemetra;11.274336892533965
DK Akt Fokus;11.272185389056064
NI Kina;11.219492945705067
KonservativII;11.210504946697618
0,00% NBF US Rente 2019;11.194118344598609
3,00% NYKREDIT 05D 2020;11.184404231136421
LSI Verden;11.1817019082778
KInvEMD;11.175149663045618
InvKIUSSC;11.162762737105744
USHYBSSKY;11.134068463463985
MMINyeoblMAKK;11.132342449606353
JI German Eq. CL;11.093799781582586
KAPFORMSAFE;11.025620181503175
JI Aggres. St CL Favorit Equity Fund;10.990040045179176
Arkil Holding B Aktie;10.978497775395208
KAPFORMMERKUR;10.936623582039532
HLKTOBLAKK KL;10.932912129021533
7,00% DLR 42S A 2022;10.88778190685423
DI Global Ind;10.732147530069634
WISEBEMFXB DIV;10.727345001568484
0,00% Danske Bk. XO i EUR 2020;10.681391379443802
SEBinv JP HBD;10.662324518864073
12,00% KD ENHED 24S 2025;10.616602711513602
SKAGEN GLOBAL AKTIEF. A;10.599020709106908
Skjern Bank;10.583842290676785
3,00% RD 20S SA 2024;10.566533838166327
JI USEquities CL;10.549610415228326
0,00% RBS plc. 5Y Lev.S 2016;10.52631578947371
ABIGHY Udloddende;10.513099592226279
SEBinv INV LG;10.487215921808072
SI SICAV Ethic Global Value I;10.475308641975307
NYIGSA;10.460686607874704
10,00% DLR 43S A 2021;10.439070027988285
CWW Glob.Akt.;10.415153859025974
KF LSMI MIX-P;10.393682519952124
Bavarian;10.37343293660153
Nordea Bank;10.331032914802734
InvestiBRA;10.309709617569647
SEBinv HG YLD;10.287430043398665
0,00% NBF Akb Glob 2020;10.258617888820313
Jyinv Nye Obl;10.185012517825605
InvWeLindePar;10.182945986428548
DIDKFOKUS;10.179865954380677
8,00% KD ENHED 23S BA 2024;10.171555320402428
Kf.I&TErhoIKL;10.127567134515537
SEBinv NAM IN;10.115148941891041
Tk Developm.;10.09945959637591
GR EM MARKETS;10.087211095041255
ICWM Gl Ak;10.084538939803817
Nyk K/obl Akk;10.082554270213855
GR Danske AK;10.078183523593388
ZealandPharma;10.05982300683009
3,00% RD 26S DA 2023;10.051291005466636
0,00% NBF ABSverig 2019;10.036567338364582
SPIJAV KL;10.025238954659724
NIDKOBLBA;10.02430405653891
8,75% Ostjydsk Bank;10.008477769404672
G4S;9.996980197109783
3,50% HUSEJER 01S 01A;9.983922580022682
Migatronic B Aktie;9.974132257502824
SEBinv EU HUB;9.96367583926407
DIOSTEUREXRUS;9.95800828712589
Spar Nord Bk;9.926147010956377
JI Europ.Equi CL;9.89896185620783
LangeDKObl;9.8626008964126
12,00% FK ALM 08S 2021;9.828495277266128
Invsmallcapdk;9.725175210646508
12,00% KD ALM 64S 2022;9.719117937845148
Jinvnyeoblval;9.68135347313761
0,00% NBF Indien 2017;9.642957548495923
BI GlAkEtikKL;9.630866834462106
Fynske Bank;9.616431546882295
PBPM SrKL2;9.614189308743434
ICWM Gl Obl;9.596498356507539
DIESCAkDKK;9.557957664706773
LSI Nordameri;9.555194870279818
PBPM KoKL2;9.513912677760793
LI Akt EU In.;9.494829583906752
DIEODKOblInd;9.491537638521624
NIEGlobAktSRI;9.489325016019649
DIGSPAkkKLDKK;9.435207009698722
Harboe B Aktie;9.413798676229957
8,00% TOTALKREDIT 111 2024;9.394141014852938
SI SICAV HYV Bd SD 2017 EUR R;9.319997279384564
DIGLIND0B;9.314017481257718
DINYMASMCAP;9.296386212872049
DIGHYBA;9.295571870604302
Small Cap;9.273011618659513
4,00% FYNS KRF 13S 01A 2030;9.262947670920429
KAPFORMPENTA;9.236457648557762
4,00% KBHV KREDIT 13S 02A 2020;9.233337204327988
NIPBPMBAL2;9.139417133500206
Tivoli;9.137464824711438
Schouw;9.130138449395753
0,00% Kommunekre EmMarVa 2016;9.124964131464015
LI Akt Asi I;9.117499444179069
8,00% DLR 43S A 2032;9.100249927428758
MajValAkt;9.094302276594112
0,00% NBF Tele 2016;8.990378520010708
JI Akt L V;8.960127300274884
8,00% BRFKREDIT A/S 111 2032;8.94770294273293
5,00% JYDSK HUSMAND 01A 2022;8.943431000587843
DINoVOblkDKKh;8.86524502271925
SPIEUV KL;8.861126960512426
WIOblAKL (SEB WMB);8.854704538184095
JI Danish Eq. CL;8.846978652180734
Forbrugsakt.;8.76974008322087
SP Group;8.769517480674093
NIPBPMGAF2;8.730241827313224
G A Indeks;8.722559805024925
0,50% Krist Germ KriGerm 2015;8.71156235239995
NIPBPMGAS2;8.696923736445438
4,00% HUSEJER 07S 02A 2024;8.69594022280901
Ambu B Aktie;8.657902121412398
SP Balanceret;8.64955794550763
Kf.I&TBalance;8.638625622046064
SPIC20CAP KL;8.63407427598628
BLSGLAKL;8.56039461900708
3,00% RD 20S SA 2021;8.553549476451558
Jyinv Virkobl;8.536456889265356
KAPFORMEPIKUR;8.533556818745014
H+H Intl. A/S;8.50499781312561
0,00% NBF Eur infl 2017;8.448712222718475
3,50% JYDSK LAND 15S 2030;8.410782122183292
4,50% O LANDKREDIT 06S 02A 2030;8.407411839868292
InvFpOptimum;8.406022096714878
0,00% NBF Ab Olie 2018;8.397656977062457
LI Akt NAM I.;8.393539472476077
cBrain A/S;8.377896859456847
0,00% NBF KB EU HY 2021;8.369738503902774
0,00% NBF Europall 2018;8.369655458696554
SPEAS;8.34520740411825
DIEURSMALCAP;8.339184897726469
12,00% KD ENHED 93S 2020;8.295269906712758
3,00% NYKREDIT 3NYK03D 2047;8.286814414300698
NI Japan;8.283650730074758
Globale Akt.;8.273290828124106
DINMI;8.265300234156328
Rockwool B Aktie;8.233910727634393
Dantax A/S;8.20994231797745
0,00% NBF AB USHom 2019;8.174498849819258
5,00% NYKREDIT 01G A 2041;8.171191486437387
0,00% NBF GlobalAK 2017;8.161834660257373
4,50% NY JY KOB 11S 2022;8.159465697102757
10,00% KD ENHED 53S 2020;8.070182361384099
Sydbank;8.053248100414446
3,00% NYK (TK) 05D 2023;8.019831146499616
NewCap Hold.;8.000639113770172
KfI&TErhoIIKL;7.980706634313782
Korte Dk Obl.;7.972063835882903
4,00% JYDSK LAND 15S 2030;7.956435543608037
FLSmidth & Co;7.9540036078395655
PFAInvHUA;7.950685089563357
Globale Obl;7.879610567148417
JI Int ELV CL;7.860134995642196
JIEmerLocMarB CL;7.847920537440727
3,00% NORDEA KREDIT ANN 2018;7.808686835307306
GR EM DEBT;7.792035884761428
Jyske Bank;7.777404364283172
3,00% NYK (TK) 01D 2018;7.7616002344862896
4,00% KK 53S 2019;7.760786568380426
Columbus;7.746470241622188
Diengeurgrcor;7.730627955828337
Kf.I&TAkt KL;7.6734071879869195
SI SICAV Corp Val Bds DKK R;7.659188840522889
NIPBPMGAF3;7.65819396408821
NIPBPMGAS3;7.650755425141387
SPIJAG KL;7.6437415736952605
4,00% HUSEJER 01S 01A;7.64113572502744
0,00% NBF Brasil 2017;7.543145239480318
0,00% NBF Europa I 2018;7.455075279261779
4,00% NY JY KOB 11S 2022;7.429795775199538
DKIGHYB;7.368875096531975
SEBinv EU SM;7.347587932219027
kf.I&TAlphaKL;7.334248794056547
DIEDkOA;7.3040944830121
SI INDEKS OBL KL;7.298423001896337
WIOblAKL (SEB WM);7.281838246695277
0,57% NYK (TOT) 21G500CF 2023;7.262529407146722
0,00% NBF EU Medvi 2019;7.220075057413338
NI Eur High Y;7.206985696517878
B & O A/S;7.182980458362927
0,00% NBF EM 2017 2017;7.174932311959322
JIEmerMarkEqu CL;7.173467879837024
0,00% NBF Ejendom 2019;7.162367223065264
0,00% NBF AEjendom 2019;7.127019322141273
Mon & Thor B Aktie;7.121546134778138
Vestas A/S;7.106683150900346
Aarsleff B Aktie;7.05617898832476
PBPM SrKL3;7.046998139055312
NIPBPMBAL3;7.026513507294227
1,50% RD 20S SA 2027;7.016636453523582
DIEURHYOb;6.963054830609471
0,00% KK Emer.Mark ValutaII 2016;6.960002969932863
InKINVGA;6.949417539924655
2,92% Topdk Forsik Kapbevis 2025;6.919273047970009
3,50% NY JY KOB 11S 2022;6.903665522913796
MajEmergingMk;6.874479006044554
3,50% DSV A/S Fastforr 2022;6.851175885803613
10,00% DLR 43S A 2018;6.781417973527122
LIObl.EM;6.763640320884093
6,50% NY JY KOB 12S 01A 2024;6.73894002347431
MajInvHIObl;6.679132622056066
SEBinv DK AKT;6.64538202831078
PBPM KoKL3;6.629123083959707
LI Akt USA;6.5277687986196415
NKT Holding;6.527060509268859
JI Indian Eq. CL;6.4947063062397214
3,50% RD 27S SA 2047;6.459262065939332
Ni En Kort Ob;6.447783867260467
0,00% NBF 30-2EUR 2017;6.436688311688307
NA KOBRA , Kobra;6.428407335931199
4,00% OSTIFTER ALM 16S 03A 2022;6.377895687207875
4,00% O LANDKREDIT 04S 01A 2030;6.286876619465787
InvKInvHYObl;6.24398461172721
4,00% KBHV KREDIT 13S 03A 2025;6.233290599573046
1,66% DSV A/S Variabel 2022;6.232974762257234
Hojgaard Hold B Aktie;6.222360396397822
D/s 'norden';6.206058484264374
4,50% JYDSK LAND 09S 2021;6.199640634550853
7,00% RD 27S SA 2041;6.1926669986296385
DINMIAkDK;6.169823760004898
8,00% DANSKE KREDIT ANN 2029;6.160110056402133
GR EU HY;6.1575685827607956
NA MIRA;6.130337361334869
4,13% Danske Bk. Tier 2 2025;6.119510439164866
Genmab;6.072849408308702
DIEGLALI;6.059845666965099
8,00% DANSKE KREDIT ANN 2032;6.048764057530658
4,00% JYDSK GRUND 09A 2030;6.025573667076634
Parken-FCK;6.014796940492064
SimCorp;5.963663028963975
JI M.Ob i lik Kapitalforening;5.962210395648894
Rias A/S B Aktie;5.959719972833179
SBS;5.959404847785884
4,25% DLG Fin. A/S 2018;5.95637583892617
4,50% VEST-SONDERJ 15S 02A 2030;5.955001256112566
Kf.I&TAlt.KL;5.909882455376577
Inv Cww Asien;5.898127305470772
SIF Invest;5.865609733914389
4,00% O LANDKREDIT 06S 01A 2030;5.864380791598096
0,37% RD SRVOK19T 2019;5.847401272830665
3,50% DSV A/S 2020;5.826196359006231
8,00% NYKREDIT 03A 2032;5.724166139600166
0,00% NBF HY INTER 2021;5.722850524594633
Nyk D/ak Akk;5.664247280271502
GN Store Nord;5.6575130643165865
Brdr Hartmann;5.634572553695669
12,00% BRF ENHED 34S 2018;5.6322826492096985
2,00% Kommunekre 237 s 2 2042;5.63183008988926
JI Chinese eq CL;5.629950549210099
7,00% RD 23S SA 2041;5.599735425098456
5,00% BRFkredit 411.E.OA 2044;5.578134554996785
5,00% BRF SAR 13S 2018;5.557461257392511
3,50% FYNS KRF 13S 02A 2030;5.5511740185685134
Nyk D/ak Unit;5.543443691566663
DIEMMKTDHCURA;5.531951914009347
TORM plc A Aktie;5.506878032929633
0,00% NBF Kred.Alt 2019;5.502712201084877
WIKOblAKL (SEB WM);5.50088597317783
11,00% KD ENHED 14S 2023;5.492921337136705
Gronlandsbank;5.483525301498706
Konser.Udb.I;5.481906235505904
DSV A/S;5.472766616174359
Vestjysk Bank;5.449097215810207
BIPRIVATE;5.4452189409318725
DIGLIOAKL;5.4249946587514355
DINMOLVAD;5.38713820246226
NIEEurokreSRI;5.3738587024785796
Kf.I&TObl. KL;5.357881671493587
DKIEIGO;5.35455348126804
Brd.A&O Joh. Praf Aktie;5.3489467826708585
NIEIAET;5.338386729007927
KTRPGLHYB;5.304657840027526
0,00% NBF Aktiebev 2018;5.302393038433647
4,00% NYKREDIT 01G A 2041;5.295566956505427
Royal UNIBREW;5.266382397534884
DINYEMAROBL;5.2623305202099795
5,00% RD 22S DA 2028;5.234166277890203
3,00% RD 21S SA 2026;5.2157642345543636
Alk-abello B Aktie;5.213806079536497
Di Japan;5.212405528836581
Solar A/S B Aktie;5.192148056484476
Novozymes A/S B Aktie;5.1781601355541484
WISKInFarE;5.166709149655334
6,00% NYKREDIT 02S CA 2019;5.154488586431918
2,70% Kalvebod Plc 2S 2106;5.146271889409135
4,50% OSTIFTER ALM 16S 03A 2022;5.123299004072975
KFDIIDPKO;5.113466320160689
DINYMAOBLOV;5.099228601740429
6,00% RD 27S SA 2041;5.062990407783979
4,50% JYDSK HUSMAND 07A 2018;5.045286938622741
NIEGlobFokusA;5.006810049969563
5,00% RD 22S SA 2031;4.9921587999935575
Blue Vision;4.961320913164989
0,00% NBF EU+RUS 2018;4.9575167877209765
3,38% Nykredit JCB 2017;4.957439717123003
7,00% NYK (TK) 01E DA 2041;4.9572754137077
10,00% NYKREDIT 03S 2020;4.926925823494084
Konservativ I;4.887224367192064
2,00% Dk. Skibsk 2 SKE 2024;4.864613476973771
Danske Bank;4.839907791565801
3,50% O LANDKREDIT 03S 03A 2030;4.83720578605877
HP Dsk.obl.;4.815496552658074
SEBinvNordAkt;4.771422849282436
5,86% Alm. Brand Uam;4.770792634738704
4,00% VEST-SONDERJ 11S 02A 2019;4.763702745616357
3,50% NYK (TOT) 01I A 2044;4.748517754753301
9,00% NYKREDIT 03S AA 2022;4.743522143531532
11,00% KD ENHED 23S AA 2022;4.742015386380962
6,00% RD 23S SA 2041;4.73778366837731
Mols-Linien A;4.734308216419084
4,00% Nordea kredit ann 2018;4.714655137647044
PFAInvEVA;4.703739421577651
SEBinv M.L.OB;4.64075025380511
MIVAlAktAkk;4.633946449839507
6,00% NYKREDIT 13S CA 2026;4.627140074052987
Novo Nord B Aktie;4.61501312564081
Strategic Inv;4.6122864529478695
Ni En Mel Ob;4.61179060179359
Luxor B Aktie;4.599048283328262
JI HRV Obl.;4.596090485932569
NIEEUROPHYSRI;4.5895397430682605
NieKorteObl;4.580268070535188
9,00% BRF 48S 2022;4.5656325123132415
4,50% HUSEJER 08S 02A 2020;4.5609009215358
9,00% DANSKE KREDIT ANN 2026;4.555530857762872
APM - Marsk B Aktie;4.5553634967058745
Ni ARE II Et;4.550471828432049
0,00% NBF Kina 2017;4.5288912024986985
0,00% NBF AB GSD K 2021;4.480898163208632
Ni GA Basis;4.480570441017487
5,00% NYKREDIT 03D A 2041;4.4705633793742825
CWW/Gl. Etik Udloddende;4.4613366320285435
JI Aggres. St CL;4.4483790009282504
0,76% NBF Cap FI 2021;4.413387274733347
2,56% Topdk Forsik Kapbevis 2026;4.399887224903394
JIHGCorBon CL CL;4.399796541200407
DIEDOVar3;4.3851576888677934
Ji EmBond EU CL;4.383483569060939
5,00% UNIKREDIT ANN 1998 2029;4.3750398433942985
5,00% HUSEJER 01S 02A 2021;4.367762204872676
6,50% AX IV EG Hold III 2020;4.364117258100069
6,00% JYDSK LAND 13S 2025;4.327478906274738
Alm Brand A/S A Aktie;4.314825611158909
7,00% Nordeakre sdroANN 2041;4.311442051166708
7,00% BRFkredit 111.E 2041;4.258179290981272
6,00% BRFKREDIT A/S 111D 2022;4.2341213377886575
5,00% TOTALKREDIT 111CS 2020;4.22859957784184
JIFarEastEqut CL;4.193600845631582
5,00% DANMARK 23S CA 2026;4.182999074275079
4,00% KK 54S 2029;4.181879786948616
5,00% JYDSK LAND 15S 2030;4.180672450251941
4,50% FYNS KRF 12S 03A 2022;4.170741677949624
5,00% TOTALKREDIT 111CS 2025;4.165690053849287
8,00% UNIKREDIT ANN 1996 2029;4.1510004827824085
6,00% O LANDKREDIT 09S 01A 2030;4.138109308075381
NNIT;4.10972998621611
4,50% JYDSK GRUND 07A 2028;4.1064038908909595
5,00% NYKREDIT 01G A 2044;4.105414598846888
4,00% JYDSK LAND 13S 2025;4.1008406809359546
0,57% NYK (TOT) 21H550CF 2022;4.098123565569822
4,00% O LANDKREDIT 05S 02A 2030;4.074293862312901
Topdanmark;4.073282073507662
11,00% KD ENHED 53S 2020;4.061603630725761
PFAInvGlAkt;4.053262717537198
0,00% NBF Japan 2017;4.041957689301294
Nielsen Glob.;4.029792777393708
Di Usa;3.981619221933398
LI Akt Emerg;3.9726505610071405
5,00% DANMARK 22S DA 2025;3.9087926048735073
4,00% NYK (TOT) 01E DA 2044;3.9042767194360404
8,00% UNIKREDIT ANN 1994 2026;3.8916366266576845
LIOblEUkort;3.89151036843874
DIENKOEUROBL;3.86837045745095
6,00% DANSKE KREDIT ANN 2022;3.861625048076495
MATAS;3.848614723599119
CWW DK Akt.;3.843212602103494
3,50% JYDSK LAND 09S 2021;3.8169376014010075
AIEMVObl.;3.8145204696120865
DFDS A/S;3.752978418465584
10,00% NYKREDIT 03S AA 2022;3.746047844399113
5,00% Nordea Kredit OA10 2044;3.729042303629705
4,00% Nordea Kredit ann SDRO 2029;3.7241432203943896
4,00% BYERNES HYP 01S 2018;3.713786909487962
2,00% DK Skibskr 2 SK 17 2017;3.708035854987769
5,00% DANMARK 23S DA 2038;3.6932685088773574
3,00% Nordea Kredit Ann 2023;3.688839205569695
3,00% Kommunekredit 213 s.A. 2018;3.6825483709310283
4,00% BRF 111.B 2018;3.666172964334271
6,00% BRFKREDIT A/S 111B 2025;3.61051522895931
Gyldendal A/S B Aktie;3.6046606549080007
7,00% Nordeakre sdroOA30 2041;3.584313000472867
Gabriel Holdi;3.575569544488028
4,00% NYKREDIT 02D 2025;3.562859051305535
JIFavourBo CL CL;3.562824752007558
NIE NyeAktiem;3.5612289098111254
3,50% Nordea Kredit OA10SDRO 2047;3.5546368129514136
JI HY Corp B CL;3.535515231291822
ABIPPV;3.508169621155186
10,00% NYKREDIT 13A 2024;3.505598780652857
LI IndeksoblG;3.4783190851373242
4,50% VEST-SONDERJ 11S 01A 2019;3.4616761171328907
5,00% DANMARK 23S DA 2035;3.4586282788445195
PFAInvDKAkt;3.430142603567146
7,00% KBHV KREDIT 13S 05A 2032;3.4286667367542676
6,00% KBHV KREDIT 13S 04A 2030;3.4174576540152546
4,00% JYDSK LAND 09S 2021;3.4155532801786417
DIEURFOKAKKKL;3.4084195488586775
12,00% KD ENHED 94S 2018;3.395181772525037
10,00% BRF 47S 3A 2020;3.3909804826057246
NIKredOblAKK;3.3855794124614533
4,00% FYNS KRF 12S 01A 2020;3.385365604672793
Land&leisure A Aktie;3.3755553501923234
0,37% NYK (TOT) 21HCF6A 2023;3.3640600140256125
12,00% KD ENHED 53S 2017;3.360729299513485
3,00% NYK (TOT) 01E A 2034;3.360503030490763
5,00% O LANDKREDIT 06S 03A 2028;3.3516366753801887
7,00% DLR 43S A 2026;3.3506747854773833
4,00% NY JY KOB 12S 01A 2024;3.339668680988924
4,00% DANMARK 23S DA 2035;3.339371196988223
NIEglbFoakAKK;3.3383276735203777
JIGlbAktSp;3.3104636100538056
1,00% RD 20S SA 2027;3.288062616422464
5,00% DLR 43S OA B 2044;3.263872516449461
5,00% NYKREDIT O3D 2035;3.2524150169327637
6,00% Nordea Kredit Ann 2038;3.241713813808815
3,00% BRFKREDIT A/S 111.B 2018;3.2322579151757234
5,00% RD 23S SA 2041;3.224324624676763
Veloxis Pharm;3.2206431145078316
APM - Marsk A Aktie;3.20377269367085
3,00% DK Skibskredi 3SKIBE17 2017;3.1521552076776636
3,71% Spar Nord T2 SN TIER2 2023;3.1514219830899255
6,00% Nordeakre sdrooa 2041;3.1504203778023014
10,00% NYKREDIT 03S 2017;3.144441005633398
7,00% KD ALM 64S 2022;3.1391665195972625
3,50% NYK (TOT) 35NYK01E 2047;3.115031894990006
4,00% SONDERJYDER 10S 01A 2026;3.1095325195354406
4,00% DANMARK 26S DA 2020;3.106271888518918
9,00% BRFKREDIT A/S 111 2022;3.1013266619906514
10,00% BRF ALM 82S 2021;3.0439447280204655
Nie Blo Oppor Udloddende;3.0364823947798074
10,00% BRFKREDIT A/S 111C 2026;3.025644581739597
1,75% Foroya Lands. 2017;3.019636187248161
4,00% RD 27S SA 2044;2.997695471989341
DIUSAAKLDKKh;2.995077466686064
6,00% DLR 43S A 2029;2.9762891815900825
7,00% DANSKE KREDIT ANN 2032;2.9705308277572886
6,00% RD 23S DA 2038;2.954950803480861
5,00% BRFkredit 411.E.OA 2041;2.9422692129424317
10,00% NYKREDIT 30S 2020;2.9388982557570427
3,00% BRFkredit 111.B 2028;2.9238745519854414
12,00% KD ENHED 23S 2020;2.9219115235813997
5,00% DANSKE KREDIT ANN 2019;2.8966962575826036
F E Bording B Aktie;2.8907073161130983
4,00% NYK (TOT) 01E A 2034;2.870250414437148
3,50% OSTIFTER ALM 16S 03A 2022;2.868394576019362
ABIPPM;2.856759820111882
3,00% RD 27S SA 2047;2.8462330051183824
DIEuAkkKlDKKh;2.8435224164483777
Ges;2.825255117888635
9,00% NYKREDIT 03S CA 2026;2.807482774379776
4,00% NYKREDIT 05D 2020;2.795498807918249
Tryg;2.79381329240919
3,00% RD 22S SA 2031;2.786621070675911
6,00% TOTALKREDIT 111C 2019;2.7548243331198217
3,00% Nordea Kredit ann SDRO 2024;2.746418870061099
10,00% BRFKREDIT A/S 111 2022;2.745207725761534
5,00% DANMARK 43S DA 2038;2.7445805285072975
6,00% NYKREDIT 68A 2018;2.734068146640993
10,00% KD ENHED 94S 2021;2.731869013219696
2,00% DK Skibe SKE 2016;2.7261037048018513
JI EmerMarkBo CL;2.725147264225421
5,00% NYK (TK) 73D 2038;2.713475716032112
5,00% FYNS KRF 15S 04A 2032;2.702801662888863
2,50% NYKREDIT 79S BA 2054;2.7014174672132674
6,00% VEST-SONDERJ 16S 2030;2.6968847975742616
0,37% NYK (TOT) 21HCF6DA 2023;2.69044110655473
5,00% DLR 42S A 2028;2.6834749217506686
0,37% RD SRVOK19S 2019;2.683085342688965
7,00% JYDSK LAND 15S 2030;2.6704631913870878
SEBinv EMG MB;2.6568080646771133
0,00% Hypo Treuh Hypo 201 2016;2.65309831001272
7,00% TOTALKREDIT 111C 2019;2.6520285568348885
8,00% NYKREDIT 13A 2024;2.65088524615899
5,00% BRFKREDIT A/S 111 2019;2.639208214329623
WISaxoGE;2.632266299371557
4,00% RD 22S SA 2034;2.6168142110391477
DIEDOALR;2.613253826094475
PFAInvLanObl;2.611527304628093
10,00% DLR L 2018 A 2018;2.610247377270514
2,50% Nykredit 2,5NYK03 2047;2.59100881247975
9,00% NYKREDIT 03A 2024;2.5839892308370453
5,00% OSTIFTER ALM 16S 05A 2032;2.577930365375465
6,00% DANMARK 23S DA 2032;2.5755254944614316
North Media;2.574531582507244
4,00% NYKREDIT 73D DA 2041;2.5723232967119354
4,00% RD 23S SA 2044;2.5694571521672405
4,00% OST HUSMAND 09A 2030;2.5465860785589167
0,00% NBF Kurvest 2017;2.5436408977556106
7,00% NYKREDIT 3A 2024;2.524774906965717
6,00% DANMARK 23S DA 2035;2.516894942053225
8,00% LM Group Holding 2019;2.5149480919862777
5,50% JYDSK LAND 13S 2025;2.512952423572814
9,00% BRFKREDIT A/S 111 2024;2.499836730434141
5,00% NYKREDIT 03S CA 2026;2.4922374741755795
5,00% VEST-SONDERJ 15S 01A 2030;2.4800972069724803
2,00% RD 21S SA 2032;2.4754511949546134
SI BOLIG;2.470917297927074
Ji Bal St.nok CL;2.465544668980956
EMLCB IEUR Ac;2.4618258194900524
IWISaxEHY;2.460540890013847
3,00% Nordea Kredit ann SDRO 2034;2.453377959876659
6,00% NYKREDIT 83D 2035;2.443488596179196
Nyk L/obl Akk;2.4307581778791687
8,00% DANMARK 23S DA 2032;2.4238577294962362
9,00% KD ENHED 24S 2025;2.4233430057895515
5,00% NYKREDIT O2D 2025;2.421079930981035
3,50% VEST-SONDERJ 15S 04A 2030;2.417691268399595
SHIGOKL;2.415936566981548
BankNordik;2.3981873560771843
6,00% NYK (TK) 03D 2038;2.3904545057180338
8,00% DANMARK 22S CA 2016;2.377739376924538
10,00% NYKREDIT 03S CA 2026;2.375266217922386
5,00% NORDEA KREDIT ANN 2020;2.374593749827998
3,00% NYK (TK) 02D 2028;2.3743164334236297
Chr.HansenHol;2.369293788391722
PNDORA;2.359636561716079
DIENEMEMARK;2.355070261802025
3,50% OST HUSMAND 02A 2022;2.353328928717114
Nie 1 Eurokre;2.3441960047913555
3,00% NYK (TOT) 01E A 2026;2.3415155955917424
Sanistal A/S;2.339719058937968
12,00% KD ENHED 24S 2022;2.3381985597290598
4,00% NYK (TK) 73D 2038;2.3354941042362833
SI D.B.BDKK;2.3271999393000518
8,00% BRFKREDIT A/S 111 2022;2.3258472546944535
4,00% NYKREDIT 03D 2035;2.325669171125346
6,00% O LANDKREDIT 09S 01A 2025;2.320815136300354
SI SICAV Ethic Global Value R;2.28654915576323
2,50% DLR L 2022 J 2022;2.284206740416486
4,50% OSTIFTER ALM 16S 05A 2032;2.2757239718610625
2,50% DANMARK 30S DA 2054;2.2737103271205203
7,00% OSTIFTER ALM 16S 05A 2032;2.2718913900851323
4,00% NORDEA KREDIT ANN 2020;2.2659546992184265
1,56% Danish Crown Senior 2017;2.2635998539612996
3,00% RD 22S SA 2034;2.263170710725916
7,00% NYK (TK) 01E A 2041;2.2576681299786476
8,00% DANSKE KREDIT ANN 2026;2.2538105685393464
6,00% BRFKREDIT A/S 111B 2035;2.2288089248041816
6,00% DANMARK 22S DA 2019;2.214334055500251
4,00% DANMARK 10S SA 2020;2.2126131015291484
4,00% RD 27S SA 2041;2.206686852643527
5,00% DANMARK 23S DA 2032;2.2057578262973903
HG Glo.Ak;2.201077231600738
ABIPPB;2.196328751713628
NI Emerging M;2.195550545273611
4,00% Nordea Kredit ann SDRO 2034;2.1953984716576533
5,00% Nordeakre sdrooa 2041;2.1769994632212213
6,00% O LANDKREDIT 09S 01A 2028;2.170271300500023
6,00% OSTIFTER ALM 19S 01A 2017;2.1673630601894
4,00% DANMARK 22S DA 2025;2.1641333054360135
Nordicship;2.162385845377925
6,00% DANSKE KREDIT ANN. 2026;2.1543185939503346
3,50% RD 23S SA 2044;2.1266813972350223
Anders & Mart B Aktie;2.1107094736997225
3,50% RD 23S SA 2047;2.1088177258221057
10,00% BRFKREDIT A/S 111 2024;2.090206047035824
Carlsberg A/S B Aktie;2.0812069340171595
3,00% NYK (TOT) 01E A 2044;2.0671356080911316
3,50% KBHV KREDIT 01S;2.0612992723946
1,00% NYK (TOT) 1NYK01E 2027;2.0605304016656207
4,00% RD 20S SA 2021;2.0580588788441703
11,00% NYKREDIT 03S AA 2022;2.054974235689234
Demant Hold;2.04853592221017
6,00% NYK (TK) 73D 2038;2.032015282940658
7,00% UNIKREDIT ANN 1994 2026;2.025217831156796
8,00% KD ENHED 93S 02A 2017;2.0130491195016846
3,50% Nykredit 01G A 2044;2.0096859659603132
4,00% NYK (TK) 01D 2018;2.0096146638184424
4,00% NYK (TOT) 01E A 2041;2.0087260392095705
KNY.KOBRA Oms.begrans Kapitalf;2.006625621523486
10,00% KD ENHED 23S 2020;1.9957500253869178
JI Dollar Bo. CL;1.9950353957892801
10,00% KD ENHED 23S AA 2022;1.9869481934278663
German High B Aktie;1.9811273821647928
3,50% Nykredit 03D A 2044;1.9788828138850296
2,50% DANMARK 32S DA 2020;1.9741123159038718
DIEAlmBol;1.9738766324912178
0,16% NYK (TK) 21E 2018;1.9735161063194766
5,00% NYK (TOT) 01E DA 2044;1.9719090094524414
5,00% NYKREDIT 05D 2020;1.9459102318692638
3,50% RD 27S SA 2044;1.9374941793193736
2,00% RD 21S SA 2029;1.9338785293866294
3,00% RD 27S SA 2044;1.9271261352552904
3,00% RD 23S SA 2047;1.9222695778163854
3,50% NYK (TOT) 01E A 2044;1.9150898307841502
2,00% NYK (TOT) 01E A 2029;1.9102859141488955
8,00% NYKREDIT 02S  CA 2016;1.9058073626850403
4,00% BRFkredit 411.E.OA 2044;1.9042359550816008
2,50% KD ENHED 37S 2021;1.9036451901455704
3,00% KK 227s 2039 A 2039;1.8986057580642122
GVaEq BEUR Ac;1.8765636893929678
KNMIRAIII Oms.begrans;1.8653877606525988
5,00% NYKREDIT 83D 2035;1.8648587297695647
3,00% RD 21S SA 2029;1.85765897705411
2,00% NYK (TOT) 01I A 2024;1.8538917099352097
5,00% NORDEA KREDIT OA 2038;1.8478470727632108
DIENGKOMM4;1.8439617843526233
4,50% KBHV KREDIT 13S 02A 2021;1.8399878574885546
5,00% JYDSK LAND 13S 2025;1.8315006900671755
6,00% DLR 43S A B 2041;1.8297375426022868
4,50% JYDSK GRUND 09A 2033;1.8144781167204693
0,47% NYK (TOT) 31H450CF 2017;1.814326722067049
2,50% NYK (TOT) 2,5NYK01 2047;1.805923819268107
PFAInvKredObl;1.7962193455328326
0,10% NBF Kurveste 2016;1.790633608815427
4,00% TOTALKREDIT 111CS 2020;1.7897830187416575
IC Group;1.787518894522095
0,41% Nordea Kredit 5CF 2021;1.7861317278692106
2,50% NYKREDIT 70 IJ 2021;1.7792207369506807
5,00% NYK (TK) 01E 2031;1.7758521750060385
0,00% DLR 3F410OA1 2018;1.7633327375575336
Expedit A/S B Aktie;1.7629051701951857
Tdc A/S;1.7616487341146232
6,00% UNIKREDIT ANN 1996 2029;1.7559096312956486
4,00% DANMARK 43S DA 2038;1.741959207752571
8,00% BRFKREDIT A/S 111C 2026;1.7416955451884069
0,50% BRFkredit 111.E 2027;1.7412634986618725
10,00% KD ENHED 24S 2025;1.737199754447313
7,00% BRFKREDIT A/S 211 2024;1.7289529632597338
6,00% NYKREDIT 03S CA 2026;1.7283800419462263
H. Lundbeck;1.7269424283338122
6,00% NYKREDIT O3D 2035;1.7071420737304628
3,00% NYK (TOT) 01E A 2029;1.6831953198356313
1,87% HT18 HT18 2018;1.6765819361817198
0,00% DK Skibskr varsk 17 2017;1.6715523468562279
4,00% RD 23S DA 2038;1.6692498186205902
Jeudan A/S;1.6692076246715708
4,00% KK 49S 2020;1.664290180422557
2,24% Danske Bk. Tier 2 2024;1.6574585635359116
9,00% NYKREDIT 04S 2025;1.6439354870379188
3,50% NYK (TOT) 01E DA 2044;1.6426181609656836
0,42% RD RDSRV19T 2019;1.6279264370307134
2,00% Nykredit 2NYK01I 2032;1.6135405673261394
5,50% VEST-SONDERJ 16S 2030;1.6048879059981012
5,00% OSTIFTER ALM 16S 03A 2022;1.602300856010611
3,38% RD RDSR17T 2017;1.5891062589323082
4,00% Nordea Kredit ann SDRO 2044;1.5880770221576603
4,00% NYK (TOT) 01E A 2026;1.5880250902710884
1,00% Foroya Foroya 2020;1.5809845717712485
4,00% VEST-SONDERJ 15S 03A 2030;1.5697775788052575
5,00% NY JY KOB 12S 02A 2029;1.5631183802847326
2,00% NYK (TOT) 01E A 2034;1.5608203583587392
7,00% DANMARK 23S BA 2024;1.5549466171695427
7,00% BRFKREDIT A/S 111 2029;1.552692037488216
5,00% DANMARK 22S DA 2019;1.544551698681764
3,00% RD 23S SA 2044;1.5440318762059175
4,00% BRFkredit 111.E 2044;1.543429234367173
5,00% KD SAR 75S 2018;1.5420954172596049
7,00% BRFKREDIT A/S 111C 2026;1.5253042629546578
7,00% NYK (TK) 01E A 2031;1.522680376923324
4,00% OST HUSMAND 07A 2023;1.5204567901863741
5,00% RD 27S SA 2041;1.5160854025318824
5,00% DANMARK 26S DA 2020;1.5124562141618376
NI Glo UdbAkt;1.49320106660738
4,00% NYK (TOT) 01E A 2044;1.4881753572383363
7,00% FYNS KRF 13S 07A 2032;1.486039969512711
3,50% BRFkredit 111.E 2044;1.4748253199229515
NIELANGEOBL;1.4724586868393346
4,00% RD 23S SA 2041;1.4706644884234332
7,00% DANSKE KREDIT ANN 2029;1.4686103278682874
2,50% KK 103 IS 2054;1.4663595147590267
11,00% NYKREDIT 03S 2020;1.4600285873867769
4,00% NYK (TOT) 01E 2041;1.458907110634605
8,00% KD ENHED 24S 2022;1.457272880542982
2,00% NYK (TOT) 2NYK01E 2032;1.454188223353832
5,00% OST HUSMAND 01A 2022;1.452387799602431
6,00% NYKREDIT 02S CA 2016;1.4499902249653236
2,50% RD 22S SA 2037;1.4492670339070006
3,50% DLR 43S OA B 2044;1.4474868204987195
0,48% RD 33S SA 2021;1.4435785025286338
7,00% TOTALKREDIT 111C. 2026;1.436876013613328
6,00% DANMARK 23S DA 2029;1.4362305604567267
3,00% Nordea Kredit OA10SDRO 2047;1.4360094758105744
8,00% NYKREDIT 03A 2024;1.4342709508238263
DI GlMlO;1.428875356737709
Indeks;1.4233286990503409
3,00% RD 22S DA 2028;1.419209266216324
7,00% DANSKE KREDIT ANN 2019;1.402234307598288
3,00% Nordea Kredit ann SDRO 2031;1.39732998735476
SI Sicav-SIF HYV Bd SD 2017 A;1.3970983342289105
11,00% KD ENHED 23S 2020;1.3905475836467667
5,00% DLR 43S A 2026;1.3843464249682103
10,00% KD ALM 44S 2019;1.3793681787221568
HI PB Fje;1.379332833338768
6,00% DANMARK 22S CA 2016;1.3793050056420775
4,00% RD 22S DA 2028;1.3708311256019268
6,00% NYKREDIT 03S CA 2029;1.3602644687445233
3,50% SONDERJYDER 10S 2028;1.3563404208517604
0,16% NYK (TOT) 21E500CF 2021;1.35375015462993
3,00% NYK (TOT) O1E DA 2044;1.3495005092613381
3,00% NYK (TOT) 01E A 2031;1.3494952345211333
5,00% BRFkredit 111.E 2041;1.3489749132530182
4,00% RD 21S SA 2026;1.3477316458285453
0,16% NYK (TOT) 4CF6NYKH 2025;1.3465293845784936
4,00% NYK (TK) 03D 2038;1.3368082729150357
9,00% NYKREDIT 13 S S 2020;1.3341106202951933
12,00% NYKREDIT 03S 2017;1.3332121246167994
4,50% JYDSK LAND 15S 2030;1.3329588914982788
3,00% NYK (TOT) 01I A 2044;1.3223428628316025
SEBinv US-HYB;1.3186962803435633
3,00% NYK (TOT) 3NYK01E 2047;1.318221182672653
4,00% RD 22S SA 2031;1.314133570190114
2,50% RD 22S SA 2034;1.312830651455806
8,00% NYKREDIT 03S 2029;1.3117454893454779
7,00% DANMARK 53S BA 2024;1.3081064539064533
5,00% UNIKREDIT ANN 1999 2017;1.306341609626445
6,00% JYDSK LAND 15S 2030;1.302345148162747
Hojgaard Hold A Aktie;1.3020874295191474
4,00% NYK (TK) 12E 2019;1.3020041597988479
4,00% BRFKREDIT A/S 111.B 2020;1.2991319498402023
6,00% NYKREDIT 03A 2032;1.2986923299561333
9,00% DANMARK 23S CA 2026;1.296884237589083
4,00% NYK (TK) 02D 2028;1.2968331475984474
3,00% BRFkredit 411.E.OA 2047;1.2920653144088003
AIObl;1.2918932723493501
HI PB Dan;1.2890355252052483
4,00% RD 21S DA 2018;1.2824968952258966
JI Dynamic St CL;1.279040509938774
9,00% KD ENHED 94S 2022;1.2788075066425162
5,00% BYERNES HYP 01S 2022;1.2778245533827959
DIEUSHYBonds;1.2719271991662715
4,50% BYERNES HYP 01S 2017;1.260968262482375
1,00% NYK (TOT) 1NYK01EA 2032;1.260944370804718
5,00% NYK (TK) 03D 2038;1.2583731889766858
6,00% TOTALKREDIT 111C 2032;1.24180759805945
4,00% TOTALKREDIT 111 CS 2035;1.2349403136156023
2,50% BRF 90S IJA 2018;1.232069375941159
NIEGlobAktier;1.2274243074586455
6,00% Nordeakre ann 2041;1.226594266546829
4,50% SONDERJYDER 10S 01A 2024;1.2261279211555525
6,00% OSTIFTER ALM 16S 03A 2022;1.2144240744831214
HI PB Euro;1.2038701943659562
InvFpLimiTT;1.2033149308126287
7,00% BRFKREDIT 111 2032;1.1966678840176446
WIKOblAKL (SEB WMB);1.1955167499342187
4,00% DANMARK 10S SA 2019;1.193760550990536
6,00% NYKREDIT O2D 2025;1.189709556531111
JI Growth St. CL;1.1839819415090789
5,00% JYDSK LAND 09S 2021;1.1839225517988505
1,75% Foroya Landssty 2019;1.1837272540889505
5,00% TOTALKREDIT 111CS 2035;1.1833321193080668
8,00% NYKREDIT 03S  CA 2026;1.1819175311783023
5,00% NYK (TK) 01E 2026;1.1798115820885926
4,00% JYDSK HUSMAND 09A 2025;1.1783443406026972
7,00% NYKREDIT 03A 2032;1.1769113650138399
5,00% DANMARK 23S DA 2029;1.170137816809114
0,52% NYK (TOT) F6NYK32H 2021;1.167227148048025
6,00% OSTIFTER ALM 16S 05A 2032;1.1623096217212958
4,00% Nordea Kredit OA10SDRO 2044;1.1613563069082529
KProTICMS Oms.begrans Kapitalf;1.1576365418843275
4,00% NORDEA KREDIT ANN 2023;1.1561675122763293
4,00% NYK (TOT) 01E A 2031;1.1529474472633683
5,00% OSTIFTER ALM 16S 04A 2028;1.1525821387306319
5,00% Nordeakre ann 2031;1.148859270413456
2,50% DLR 43S OA B 2047;1.1444536354309474
4,50% SONDERJYDER 10S 02A 2029;1.1440634780589174
4,00% DANMARK 10S SA 2021;1.1295754358160472
8,00% DANMARK 23S CA 2026;1.1273458103282243
6,00% DANSKE KREDIT ANN 2019;1.1241404334061857
4,00% NYK (TOT) 12HBja 2020;1.1200853980786245
5,50% JYDSK LAND 09S 2021;1.1178015937992145
3,50% BRFkredit 411.E.OA 2044;1.1149205802850977
HI PB N.A;1.1144351968693729
9,00% KD ENHED 23S AA 2022;1.1137183510930526
Euroinvestor;1.1123654918739905
4,00% KK 40S 2017;1.1016758457425577
5,00% KOBST HYP 02S 14A 2024;1.101523578173894
5,00% NYKREDIT 02S CA 2019;1.0964490117274412
3,00% Totalkredit 111C.s 2025;1.09586978942028
2,00% DK Skibskr 2 SK 19 2019;1.0954439958038098
6,50% VEST-SONDERJ 16S 2031;1.0878522185842947
LIOEMAKKKL;1.0863056999697485
4,00% SONDERJYDER 07S 2021;1.0835775570665325
0,00% LR Realkredit 6F410OA 2019;1.0818336217527642
8,00% KD ENHED 23S 2017;1.0802463122331958
4,00% Nordea ann 2031;1.074820592296789
SEBinv LG OBL;1.0731320407639267
5,00% NY JY KOB 11S 2022;1.0704523503278174
0,41% Nordea Kredit 5CF OA10 2021;1.0703862002399478
2,00% Nykredit 2NYK01E 2037;1.070103064527033
NI EmStars;1.048507203970211
2,50% NYKREDIT 73 INDEX 2018;1.0480570218215117
LIOblGloINVG;1.0462564341879395
2,50% RD 23S SA 2047;1.0430037736586952
4,00% NYKREDIT 83D 2035;1.0423746653515733
5,00% DANSKE KREDIT ANN. 2026;1.039232751934452
0,60% NBF Capp. Fl 2018;1.037028221580898
LI AKT DK;1.0315670135756427
5,00% OST HUSMAND 03A 2029;1.0300844176817008
4,00% DSF SKE 2024;1.0248470070380835
4,00% Nordeakredit ann SDRO 2041;1.0227481402228944
5,00% DANMARK 22S DA 2022;1.0193799104075747
10,00% KD ENHED 53S AA 2022;1.0159297952208795
Gyldendal A/S A Aktie;1.0154743688976513
7,00% DANSKE KREDIT ANN 2022;1.0146842300804466
4,50% NY JY KOB 12S 01A 2024;1.0109843996002956
NIEUSASmalMid;1.009797796638579
0,00% DK Skibskr Var SK20 2020;1.0093046272710036
5,50% JYDSK LAND 15S 2030;0.9992422667667283
4,00% NORDEA KREDIT ANN 2025;0.9972319495642658
3,00% Nordea Kredit ann SDRO 2047;0.9957493018385176
0,00% NBF Kre A II 2018;0.9883000688231213
5,00% UNIKREDIT ANN 1998 2019;0.9818145620484917
5,00% BRFKREDIT A/S 411.B 2035;0.9814740511974998
11,00% DLR 43S A 2018;0.9794655299793164
10,00% KD ENHED 94S 2018;0.9766723103580857
7,00% NYKREDIT 03S CA 2029;0.9727629844368776
1,38% BRFkredit 455ER OA 2019;0.9682015008834354
2,00% RD 10S TA 2020;0.9643358761647909
4,00% BRFKREDIT A/S 111B 2025;0.9630312737042019
2,00% NYK (TOT) 12HBjanc 2019;0.9611287654572506
2,00% Nordea Kredit INK jan 2023;0.9610811236173611
ABIPPS;0.9549718401311518
3,00% BRFkredit 111.E 2034;0.9537267150599799
2,00% LR STL. ap 2019;0.9532667077989092
5,00% BRFKREDIT A/S 111C 2026;0.9509741880082073
2,00% RD 22S SA 2037;0.9509736715232531
5,00% SONDERJYDER 10S 2026;0.9495716723662647
2,50% DLR L 2019 J 2019;0.9491396595703747
0,00% RD 15S UA 2016;0.9441086356998147
0,32% NYK (TK) 47D 2017;0.9402337919026692
5,00% DANMARK 43S DA 2035;0.9295970191430242
4,50% OST HUSMAND 09A 2031;0.9266370048419715
5,00% Nordea kredit ann 2028;0.9236516798781192
6,00% O LANDKREDIT 09S 01A 2022;0.918087332479065
2,00% RD 10S TA 2023;0.9179158933289081
4,00% Nordea Kredit OA30 2041;0.9179021118958741
5,00% BRFKREDIT A/S 111B 2035;0.917755427803653
0,48% RD 32S SA 2021;0.908026673481058
5,00% NYKREDIT 03S CA 2029;0.9079316259509541
1,50% RD 21S SA 2032;0.9006384308165064
12,00% KD ENHED 23S 2017;0.8913286414864869
5,50% NY JY KOB 12S 01A 2024;0.8876355218833744
6,00% UNIKREDIT ANN 1999 2032;0.8869551851121784
3,00% Nordea kredit ann SDRO 2026;0.8862100859477945
1,00% LR ap IT 2017;0.8859965072192533
5,00% NORDEA KREDIT ANN 2038;0.8852969374419993
3,50% BRFkredit 411.E.OA 2047;0.8743339717083937
2,50% RD 27S SA 2047;0.8720949266318407
0,00% ROSKILDE BANK HYBRID;0.8709718277959229
2,00% RD 10S TA 2018;0.8671127857579135
2,00% NYK (TOT) 12HBoknc 2018;0.8646642671852114
6,00% NYKREDIT 01G A 2041;0.8598011360253301
5,00% NY JY KOB 12S 03A 2033;0.8431957431792045
1,50% NYK (TOT) 01I A 2024;0.8418312501895431
0,10% Nordea Fin EURSwap 2017;0.8405977584059782
0,52% NYK (TK) 43D 2038;0.8390600686662018
3,00% BRFkredit 111.B 2038;0.8379494690678243
10,00% BRF ENHED 40S 2021;0.8349697884811494
5,00% TOTALKREDIT 111C 2019;0.8276056703098087
2,50% BRFKREDIT A/S 223 W IS 2054;0.8221767334927715
4,00% BRFkredit 111.E 2026;0.8149203717482628
6,50% JYDSK LAND 13S 2025;0.8129916862512968
Ni E.eu.akti.;0.8068059160509731
0,58% RD 31S SA 2041;0.7956197939528998
0,50% NYK (TOT) 0,5NYK01 2027;0.7948100884173843
4,00% NY JY KOB 12S 03A 2033;0.7905688400723874
7,00% TOTALKREDIT 111C 2029;0.7889024085865743
Exiqon;0.7829397848923302
3,00% NYK (TOT) 3NYK01I 2047;0.7791649620019001
LAmEq BEUR Ac;0.7781317858379478
6,00% DANMARK 43S DA 2035;0.7765302785888729
5,00% TOTALKREDIT 41CS 2035;0.7727969366172425
2,50% BRF 90S 3A 2021;0.7726026608793177
2,50% NYK (TOT) 25NYK01E 2037;0.7704585368359284
7,00% OSTIFTER ALM 16S 04A 2028;0.7678049702751023
4,00% NYK (TOT) 12EBjanc 2021;0.7669352222556721
1,50% BRFkredit 111.E 2027;0.7649057677293434
4,00% BRFKREDIT A/S 111.B 2028;0.7647249830199422
5,00% NYK (TK) 01E 2041;0.759737996055211
6,00% DANMARK 43S DA 2038;0.7589741226754878
6,00% DLR 43S A 2035;0.7564487982277727
4,00% BRFKREDIT A/S 411.B 2038;0.7530868354548994
8,00% DLR 43S A 2029;0.7482387693551092
0,16% NYK (TK) 47D 2018;0.7434045388943168
4,00% DANMARK 10S QA 2018;0.7428107065764002
STG A/S;0.7329219485781524
7,00% DANMARK 23S DA 2029;0.7309823499721194
4,00% NY JY KOB 12S 02A 2029;0.7293917778655032
6,00% DANMARK 23S CA 2026;0.7264639223081001
5,00% NYK (TK) 02D 2028;0.723103405424807
6,00% DANSKE KREDIT ANN 2017;0.7222294433217972
Carlsberg A/S A Aktie;0.7210091097663153
2,50% NYKREDIT 70 IJ 2018;0.7194690693564686
4,00% DANMARK 10S SA 2018;0.7181700136803598
EMB BEUR Acch;0.716232471032477
5,00% KBHV KREDIT 13S 05A 2033;0.7150236075896145
0,00% Nordea Kredit CIBOR6OA 2018;0.7116466935603929
6,00% NY JY KOB 12S 03A 2033;0.7106672133820523
10,00% DLR L 2016 A 2016;0.7073843180732177
ISS A/S;0.7037410699108079
0,61% DLR Kredit Senior 2018;0.7036526289735158
5,00% Nordeakre OA10 2041;0.7031987819018336
4,50% OST HUSMAND 07A 2023;0.7012086644235096
10,00% BRF 48S 3A 2025;0.7001568572480585
4,00% TOTALKREDIT 111CS 2025;0.6999438319206904
2,00% NYK (TOT) 12HBjunc 2017;0.6997777008497617
8,00% DANSKE KREDIT ANN 2022;0.6882416765893681
4,00% Nordea Kredit OA10 2041;0.6822701405979995
2,00% Nordea Kredit INK okt 2017;0.682261694342889
7,00% UNIKREDIT ANN 1922 2022;0.6773716678265349
5,00% DLR 43S OA 2035;0.6772687377843813
4,00% NYK (TK) 12E 2017;0.677099155566766
6,00% TOTALKREDIT 111C 2029;0.6731967010687658
6,00% DANMARK 22S DA 2022;0.6730052762948383
3,50% Nordea Kredit ann SDRO 2044;0.6724818943491226
6,50% OSTIFTER ALM 16S 04A 2028;0.6720984392537671
4,00% DANMARK 10S SA 2017;0.6699580392718114
4,00% NORDEA KREDIT ANN 2035;0.6677025704168671
4,00% NYKREDIT 03D A 2041;0.6667127986999186
6,50% OSTIFTER ALM 16S 03A 2022;0.6664785278864055
6,00% NYKREDIT 02A 2022;0.6640935831433296
5,00% BRFkredit 111.b 2028;0.6628524470590845
5,00% UNIKREDIT ANN 1994 2026;0.660838174699363
4,00% DLR 43S OA B 2044;0.6576923475912364
3,00% DLR 43S OA B 2047;0.6570904998766418
6,00% DANMARK 53S DA 2038;0.6494785988456996
3,00% LR LR ANN 2028;0.6482116951596724
7,00% NY JY KOB 12S 03A 2033;0.6464757415377508
NIEGlbAkBaESG;0.6452214021315071
3,00% Nordea Kredit OA10SDRO 2044;0.6433026946994518
2,00% NYK (TOT) 12GBapnc 2018;0.6427802069027347
7,00% NYKREDIT 02S CA 2019;0.6414855081432697
3,00% Nordea Kredit ann SDRO 2044;0.6348983104617163
4,00% NORDEA KREDIT OA 2038;0.6333655085555207
7,00% DANMARK 23S CA 2026;0.6332922385186026
8,00% BRFKREDIT A/S 111 2024;0.633053010541391
Kbh Lufthavne;0.6320550077717756
3,50% Nordea Kredit OA10SDRO 2044;0.6316754800570599
3,63% HT3,625 20 HT20 2020;0.6313131313131313
5,00% NYKREDIT 03A 2032;0.6308101575137077
DONGEnergy;0.6304078835536506
10,00% NYKREDIT 13S AA 2022;0.6287040970053244
7,00% JYDSK LAND 13S 2025;0.6278631847679819
3,00% BRFkredit 111.E 2041;0.6273583901636381
5,00% DLR 43S 0A B 2041;0.6266123088855773
10,00% KD ENHED 93S 2017;0.6223399156516546
LIOblGHYAKKKL;0.6205595355994279
0,00% DK Skibskr Var SK18 2018;0.6196277493720087
6,00% NYK (TK) 01E 2041;0.6189112985531208
7,00% BRFKREDIT A/S 111 D 2022;0.6177607183226129
0,00% NBF Kr Al 18 2018;0.6153117974204236
2,00% Nordea Kredit INK apr 2018;0.6123355768841371
6,00% TOTALKREDIT 111C. 2022;0.6113538422390987
2,00% RD 27S SA 2047;0.6106841275054139
4,00% TOTALKREDIT 41CS 2035;0.609858219020247
4,50% KBHV KREDIT 13S 03A 2025;0.6079542110421201
6,00% NY JY KOB 12S 02A 2029;0.6049846570933701
3,00% BRFKREDIT A/S 111.B 2023;0.6048997923432732
1,50% DLR 42S A B 2037;0.6040627374534357
7,00% Nordeakre SDROOA10 2041;0.6020234695011064
0,93% Nykredit F6NYK32H 2026;0.6011203574429578
Ni En ARE II;0.5984042942180237
4,75% Citigroup C Inc 2017;0.5928385107896608
7,00% NYKREDIT 03S CA 2026;0.5912253238036769
0,10% RD 11S FA 2020;0.5892281186451752
6,00% DANSKE KREDIT ANN 2029;0.5785975869911172
2,00% Nordea Kredit ann SDRO 2037;0.5766509149833171
2,50% Nordea Kredit ann SDRO 2037;0.5761252581140636
7,00% JYDSK GRUND 02A 2027;0.5745176823855996
2,50% KK 89 AI 2026;0.5741891984240359
5,00% BRFKREDIT A/S 111B 2025;0.5741152848914973
2,00% NYK (TOT) 2NYK12Hj 2019;0.5720249521265865
5,00% KOBST HYP 01S 14A 2019;0.5713536260844043
6,00% BRFKREDIT A/S 111 2029;0.5687990681701891
7,00% OSTIFTER ALM 19S 01A 2017;0.5680556329566039
2,50% DLR 42S A B 2037;0.5675392850854408
4,00% BRFkredit 111.E 2041;0.5671164427378766
Ossur;0.5645670439219139
6,00% BRFKREDIT A/S 111 2032;0.5581844006382427
4,00% BRFKREDIT A/S 111. B 2035;0.5569800232572969
6,00% BRFKREDIT A/S 111 2016;0.5542809717547093
0,00% KK Globakt 2017;0.5541344229344537
5,00% DLR 43S A 2035;0.5534429069002096
2,50% DLR 43S A B 2047;0.5525189776228286
6,00% TOTALKREDIT 111CS 2035;0.5520547874226479
7,00% TOTALKREDIT 111C 2032;0.5506110788532722
GEMEq BEUR Ac;0.5493608526923538
0,32% NYK (TK) 37D 2017;0.5465361551749708
0,16% NYK (TK) 37D 2018;0.5464132331248346
5,00% NY JY KOB 12S 01A 2024;0.5462421972271158
8,00% DLR 43S A 2026;0.5460395808599687
3,00% Nordea Kredit Ann 2028;0.5449212303143323
5,00% BRFKREDIT A/S 111.B 2020;0.5378407260716789
5,00% BRFKREDIT A/S 411 B 2038;0.5366873200826279
7,00% DANMARK 22S DA 2022;0.5365017413209323
0,52% TOTALKREDIT 40C 2038;0.5364472277126442
6,00% NORDEA KREDIT ANN 2035;0.5360911345576123
4,00% Nordeakre ink 2019;0.5333445280026629
DIEELVAcckl;0.5324288349403044
8,00% UNIKREDIT ANN 1999 2032;0.5224120631269846
11,00% NYKREDIT 04S 2025;0.5220540123703494
8,00% DLR 42 SA 2022;0.5211177256792277
0,00% RD 11S FA 2019;0.5185149433442494
5,00% DLR 43S 0A 2038;0.5136055338501362
1,50% NYK (TOT) 1,5NYK01 2037;0.5102546983037675
KNKOBRIII Oms.begrans;0.5047229244493109
5,00% TOTALKREDIT 111C.S 2032;0.504550914367967
5,00% NORDEA KREDIT ANN 2035;0.503857544316908
4,00% NORDEA KREDIT ANN 2038;0.5025332524334285
2,00% Nordea Kredit INKaprRF 2018;0.5016826615144622
6,00% NORDEA KREDIT ANN 2025;0.5003545356936587
2,00% NYK (TOT) 12HBja 2017;0.5002999451370942
8,00% DLR L 2018 A 2018;0.5000192936148563
5,50% KBHV KREDIT 13S 04A 2029;0.49802339830785125
0,43% DKSkibskredit Var SK21 2021;0.4976239720561568
2,50% Nordea Kredit ann SDRO 2047;0.4924395825831791
4,50% NY JY KOB 12S 02A 2029;0.4888837786913487
0,00% DLR Kredit 6CB-20OA 2019;0.4888678695586775
5,50% OSTIFTER ALM 16S 03A 2022;0.4885118365124853
7,00% OSTIFTER ALM 16S 03A 2022;0.4880234756711493
4,00% BRFkredit 411.E.OA 2041;0.48778742570229044
5,00% DLR 42S A 2025;0.4849371619097093
IntBo BEUR Ac;0.48024287988102704
2,50% NYK (TOT) 25NYK01E 2047;0.479253705248484
5,00% HUSEJER 02S 02A 2031;0.47615538231869264
0,00% Kommunekre kurvstjl 2017;0.4759255854869017
5,00% KBHV KREDIT 13S 02A 2020;0.4754257979751014
2,00% NYK (TOT) 12HBapnc 2018;0.4750278270436264
10,00% FK ALM 08S 2019;0.4699851762734088
4,00% NYK (TK) 12E 2018;0.46917265137879066
NI E.eu.Inv g;0.4688546355891216
7,00% BRF ALM 09S 2019;0.463181082318853
4,00% NORDEA KREDIT ANN 2028;0.4629141980759933
NI EN Glo HY;0.46197130842919626
EMLCB BEUR Ac;0.46044370029300963
7,00% BRFKREDIT A/S 111 2024;0.45681990096952985
6,00% OSTIFTER ALM 16S 04A 2028;0.4551998653098563
7,00% NYKREDIT 02S CA 2016;0.4524962869471033
2,00% DLR 42S A B 2037;0.4521462624436254
2,00% RD 10S TA 2021;0.4516629189751747
BoConcept B Aktie;0.4455752677925894
5,00% FYNS KRF 13S 04A 2029;0.44127937381566795
7,00% KD SAR 75S 2018;0.43874725830672023
2,00% NYK (TOT) 2NYK01ED 2047;0.4376001569857524
0,14% NYK (TOT) F6NYK32H 2019;0.43707938670252716
6,00% BRFkredit 411.B.OA 2038;0.43633431804191963
0,00% RD 13S DA 2038;0.43323587255939083
3,50% Nordea Kredit SDRO 2047;0.43279585904555756
0,00% NYKREDIT 49D6FOA1 2018;0.4316249071844918
JII Bal St EU;0.4314753046396129
9,00% NYKREDIT 23 INK 2018;0.4311936813448296
3,00% BRFkredit 111.E 2044;0.43097765299170826
2,00% NYK (TOT) 2NYK13Ga 2020;0.4289474658575367
JI Swedish Bo CL;0.4276753468922258
2,00% NYK (TOT) 12HBjanc 2018;0.4276339900511623
3,00% DLR 42S A 2028;0.4263699655482416
7,00% DLR 43S A 2032;0.4242657885728421
4,00% DLR 43S A 2038;0.4241846184789128
10,00% KD ALM 64S 2022;0.4230218984776723
2,00% NYK (TOT) 12HBjanc 2023;0.4227535488825184
2,50% BRFKREDIT A/S 223    I 2024;0.42248970333404023
10,00% KD ENHED 23S 2017;0.42088859637045023
5,00% BYERNES HYP 06S 2018;0.42070581272409363
1,00% DLR RF ok B 2020;0.41451207674070834
8,00% NYKREDIT 03S AA 2022;0.41242293871160474
5,00% NYK (TOT) 01E A 2044;0.4119281629651648
6,00% DANSKE KREDIT ANN. 2016;0.41104755052805686
2,00% RD 10S TA 2024;0.4084090847669597
3,00% BRFkredit 111.E 2047;0.40771317536733653
1,00% NYK (TOT) 1NYK13Hj 2020;0.40485918579771907
7,00% STATER ST LAN 2024;0.4046597971232099
SI v.EtikW dk;0.40454516120643064
5,00% TOTALKREDIT 111C.S 2022;0.40441901546744186
0,00% BRF 422.B OA 2018;0.398002721409751
6,00% Nordeakre OA10 2041;0.39780305699496793
4,00% DLR 43S A B 2041;0.3978009783845279
1,00% NYKREDIT 1NYK91Dj 2024;0.39773670218045926
7,00% DLR 43S 0A B 2041;0.3973164214079558
0,52% NYK (TK) 33D 2038;0.39686932243643663
5,00% BYERNES HYP 01S 2018;0.3959720496519178
2,00% Nordea Kredit ann SDRO 2047;0.39529529459882
5,00% DANSKE KREDIT ANN 2029;0.3936052553935532
JI Stab.St.EU;0.3915142509151726
7,00% BRFKREDIT A/S 111C 2016;0.3887522938593577
2,00% NYK (TOT) 2NYK01EA 2047;0.38806359811869956
7,00% DANSKE KREDIT ANN. 2024;0.38801752360697883
2,00% Nordea Kredit ann SDRO 2032;0.38576734249368333
4,00% BRFkredit 111.E 2031;0.38496987643162983
NIAB Mellem;0.3848393979140499
5,00% JYDSK GRUND 06A 2033;0.3844747522202609
2,00% BRFkredit 111.E 2034;0.382468013826871
1,00% RD 21S SA 2032;0.38147817851618426
2,00% NYK (TOT) 2NYK13Ha 2020;0.37992714184898624
5,00% NORDEA KREDIT ANN 2025;0.3731024067853253
4,00% DANMARK 26S DA 2023;0.37290941979064623
0,36% RD 12S GA 2019;0.3728752697976077
Ni Eg.cor.bon;0.370361360967365
5,00% BRFKREDIT A/S 111.B 2038;0.3702171566413083
4,00% Nordeakre ann 2026;0.3698812347740251
0,93% RD 73S DA 2038;0.3694145436231468
3,50% DLR 43S A B 2044;0.3692711252773273
7,00% KBHV KREDIT 13S 04A 2029;0.3684933126317906
2,50% BRFKREDIT A/S 223 W.IS 2050;0.36815276853048234
10,00% DANMARK 23S CA 2026;0.36701663424172176
2,00% NYK (TOT) 12GBapnc 2017;0.3666056260171875
5,00% Nordeakre ann 2041;0.36618153779819945
3,50% BRFkredit 111.E 2047;0.36533333081535596
4,50% JYDSK LAND 13S 2025;0.3646152481987669
5,00% LR ANN 2041;0.36225850140137705
6,00% JYDSK LAND 09S 2021;0.360950314543409
3,00% Kommunekredit 212.s.A. 2024;0.3600312729010899
4,00% NYK (TK) 05D 2023;0.3585141846936846
6,00% DANSKE KREDIT ANN 2032;0.35789692118613803
2,00% Nordea Kredit INK jan 2024;0.35677359815039494
4,50% JYDSK HUSMAND 13A 2018;0.3563062805226444
2,50% KD ENHED 33S AA 2024;0.35592193924331444
6,00% TOTALKREDIT 111C. 2026;0.3557280911267803
4,00% BRFKREDIT A/S 111.B 2038;0.3550411713420274
5,00% NYKREDIT 02A 2022;0.3520744418226982
7,00% JK ALM 04S 2019;0.35081375095970313
7,00% BRFkredit 411.E.OA 2041;0.34906074237309526
2,00% RD 23S SA 2047;0.3475651496591206
5,00% DLR 43S A B 2041;0.3469560202950954
2,50% BRFKREDIT A/S 223 IS 2044;0.34587898142965673
2,00% NYK (TOT) 12HBok 2016;0.34240135454347287
1,50% RD 22S SA 2037;0.3411439649981283
6,00% UNIKREDIT ANN 1999 2022;0.34111177807925064
2,50% BRFkredit 111.E 2047;0.3384962618336011
6,00% BRFKREDIT A/S 111 2019;0.3365769952506442
9,00% BRFKREDIT A/S 111C 2026;0.33570357117384136
2,00% LR ST.L.INK 2019;0.3305811777251494
JI European B CL;0.3294674909574577
2,00% DLR STL ap B 2017;0.3274611313090497
2,50% DANMARK 33S AA 2026;0.3272075063567727
0,00% RD 12S SA 2018;0.324436120772202
10,00% JK ENHED 35S 2021;0.32413826107516747
SI SICAV HYV Bd SD 2017 EUR I;0.3227090798600195
JI Income St CL;0.31935521675669337
7,00% DANMARK 22S DA 2019;0.31541221312166623
0,93% RD 83S DA 2038;0.31302658507471
5,00% Nordea INK 5%INK 2018;0.31111646841728513
2,50% Nordea Kredit OA10SDRO 2047;0.3104880464383309
0,43% DK Skibskr Var SK23 2023;0.308810298757986
2,30% Ringkjobing Uam;0.304538045809385
4,00% NYK (TK) 12E 2020;0.3038244580976868
0,12% RD 12S FA 2017;0.30269420044676937
9,00% TOTALKREDIT 211 2022;0.3023204710263944
1,00% NYKREDIT 1NYK13Ga 2020;0.2993549359021169
9,00% DLR L 2016 A 2016;0.299136542891352
6,00% Nordea Kredit OA 2038;0.2976748577111479
4,00% NORDEA KREDIT INK 2018;0.2960106257600292
5,00% BRFkredit 111.E 2031;0.29450782204267617
6,00% BRFKREDIT A/S 111 2026;0.29448409218443633
0,00% Nykredit F3NYKGok 2017;0.2943814128986396
4,50% KBHV KREDIT 13S 04A 2029;0.29063805244377966
6,00% DLR 43S A 2032;0.289979545141688
6,00% TOTALKREDIT 211 2026;0.2894285626947008
5,00% LAND HYP 05S 2024;0.2844168464562661
7,00% DANMARK 23S DA 2032;0.28340838402018487
3,00% BRFkredit 411.E.OA 2044;0.28285167858988175
7,00% DANSKE KREDIT ANN. 2016;0.28062342943092855
5,00% BRFKREDIT A/S 111 D 2022;0.27864238892232807
4,00% BRFKREDIT A/S 111.B 2023;0.2782840300142475
2,00% NYK (TOT) 2NYKGBap 2019;0.27649493086740035
5,00% NORDEA KREDIT NDA 2035;0.2753674459685964
0,00% DLR Kredit 6CT+25OA 2018;0.27469776743920077
2,00% BRFkredit 111.E 2029;0.27459585157171534
4,50% OSTIFTER ALM 16S 04A 2028;0.274511173076819
5,00% BRFKREDIT A/S 111 2032;0.27391539951329763
JI British Bo CL;0.27184657967576115
9,00% TOTALKREDIT 111 2022;0.27144710572436065
2,00% Nykredit 2,0NYK01 2047;0.2707675952442706
1,00% NYK (TOT) 1NYK13Ha 2018;0.2693270118660983
5,00% BRFKREDIT A/S 111 2029;0.2689769300007498
8,00% NYKREDIT 03S 2017;0.2686275106203932
4,00% RD 10S SA 2020;0.2675222085482267
2,00% Nordea Kredit INK okt 2018;0.2661290297000923
4,00% RD 10S SA 2019;0.26514478915825795
4,50% O LANDKREDIT 04S 02A 2030;0.2640761407245629
10,00% NYKREDIT 04S 2022;0.2605464705370759
4,00% RD 10S SA 2021;0.2586593385801328
6,50% JYDSK LAND 15S 2030;0.25766510083066224
2,50% Nordea Kredit ann SDRO 2034;0.25738171254683484
4,00% Nordeakre ink 2018;0.25677849647331646
5,00% NYKREDIT 05A 2017;0.25359801452211317
2,50% KK 230s 2,5 2041;0.2535595986633759
6,00% BRFKREDIT A/S 111 2017;0.2530084748098104
1,00% RD 10S FA 2024;0.2529426203661971
4,00% DLR 43S A 2035;0.2520196533276675
5,00% KBHV KREDIT 13S 04A 2030;0.25001795426299195
0,43% DK Skibskr VarSK22 2022;0.2497705781430794
NIEGlbDiv;0.2491194914526244
11,00% NYKREDIT 30S 2020;0.2489066566968449
2,50% KD ENHED 39S AA 2044;0.24859318024281116
6,00% NYK (TK) 01E A 2031;0.2482641230804902
7,00% KD ALM 44S 2019;0.24701043803615677
2,00% DLR 43S OA B 2047;0.24670151454118824
7,00% NYKREDIT 02A 2022;0.24550315808662188
9,00% UNIKREDIT ANN 1994 2026;0.24239775800965002
5,00% SONDERJYDER 17S 01A 2037;0.24009871902174557
6,00% DANMARK 22S DA 2025;0.23832579317909444
SI Da.Eq.BDK;0.23601981106892586
3,00% DLR 42S A B 2034;0.23304151603610376
8,00% NYKREDIT 30S 2017;0.23138520273021404
2,00% STOREBALT 2003/ 2023;0.22965315295663502
0,50% RD 20S SA 2027;0.22956806627976736
2,00% DLR STL ok B 2018;0.2286257760426013
5,50% BRF ALM 09S 2019;0.22751144531165993
6,00% BRFkredit 111.E 2041;0.22750387378815182
2,00% BRFkredit 321.B 2018;0.2258656631315301
5,50% OSTIFTER ALM 16S 04A 2028;0.2242573133108407
11,00% NYKREDIT 43 S INK 2018;0.22375141280328825
6,50% OSTIFTER ALM 16S 05A 2032;0.22256466865093819
1,58% Nykredit JCB 2016;0.22252837914500753
5,00% UNIKREDIT ANN 1999 2032;0.2216180322131864
2,50% KD ENHED 33S 2021;0.22133974996955347
4,00% KK 207 A 2025;0.22072214277897262
2,50% NYKREDIT 79S BA 2044;0.21753939161410699
2,00% DLR ap B RF 2020;0.2169727655182983
0,16% RD 12S FA 2020;0.21618042786189026
0,00% NYKREDIT 29D3FOA 2018;0.2159484533977533
1,53% DLR SSB B okt SSB 2017;0.21482807845951082
9,00% KD ENHED 23S BA 2024;0.21220074476501172
2,00% NYK (TOT) 2NYK13Hj 2025;0.21185572656739488
0,77% NYK (TK) 33D 2038;0.2111896410490503
6,00% BRFKREDIT A/S 442 B 2038;0.2092646682120443
7,00% DANSKE KREDIT ANN. 2026;0.20877015033869484
5,00% KBHV KREDIT 13S 03A 2025;0.20858200177182365
7,00% KBHV KREDIT 13S 03A 2025;0.20786053052291065
1,50% Nordeakre ann SDRO 2037;0.2065750114043095
0,00% Nordea Kredit CITA6 OA 2018;0.20637537293664374
6,00% DLR 42S A 2025;0.20552894895596285
0,02% RD 12S FA 2019;0.20473000277673653
4,00% Nordeakre ann 2021;0.2034629873017728
0,00% NYKREDIT 49D3FOA1 2038;0.20056704441483628
7,00% DANMARK 22S CA 2016;0.19951913584089773
5,00% LAND HYP 05S 2019;0.19900208822309634
0,10% STATER DGBi 2023;0.1974810307627593
Ni E.int.akti;0.19725754175299992
6,00% TOTALKREDIT 111 2026;0.19647224941368502
0,00% NYKREDIT 49D3FOA 2019;0.1964513818450724
1,00% DLR RF ok B 2021;0.1937146148689265
0,00% Danske Bk. DBSDO18 2018;0.19278356090474955
2,00% Nordea Kredit ann SDRO 2029;0.19165677851673527
11,00% KD ENHED 24S 2025;0.18862192387053264
4,00% DLR 42S A 2028;0.1885227378213744
0,00% Nykredit F6NYKDap 2019;0.18731268111780408
4,00% RD 10S SA 2017;0.1871668959720994
9,00% TOTALKREDIT 111C 2026;0.18638037700269408
4,00% DLR 43S 0A 2038;0.1845505729662799
1,50% Nykredit 15NYK01E 2032;0.18440597715423665
5,00% JYDSK GRUND 03A 2027;0.1839749028664339
6,50% NY JY KOB 12S 02A 2029;0.18371446862599541
4,00% NYKREDIT 90DBjanc 2020;0.1836079932556991
FEaEq BEUR Ac;0.1771121502515775
5,00% DLR 43S A 2038;0.17541043250143126
6,00% JYDSK GRUND 02A 2033;0.17414315843224243
1,00% DLR RF ap B 2021;0.1737439495485984
2,50% BRFkredit 411.E.OA 2047;0.1694515628291362
11,00% KD ENHED 93S 2017;0.16707532352338073
7,00% HUSEJER 01S 02A 2031;0.1669932613799923
1,50% NYK (TOT) 1,5NYK01 2047;0.1665742883170127
6,00% UNIKREDIT ANN 1996 2019;0.16528318280623405
5,00% DLR 43S A 2032;0.16468437307276665
2,00% KK 307STINK 2028;0.1639972738115518
2,00% BRFkredit 411.E.OA 2047;0.16374889680168878
4,00% DLR 43S 0A B 2041;0.1631511210933192
2,50% BRFKREDIT A/S 223   IS 2047;0.16223231983494538
11,00% NYKREDIT 23 S INK 2018;0.1613025101440319
2,00% Nordea Kredit INKoktRF 2020;0.160670798212468
6,50% BRF ALM 09S 2019;0.15915886544535093
5,00% UNIKREDIT ANN 2001 2022;0.15880866126345983
0,50% DLR Kredit SSB B ap 2018;0.15700709813862576
9,00% KD SAR 75S 2018;0.15620142505050463
10,00% DLR 43S A 2023;0.15461934748009976
4,00% STATER ST LAN 2017;0.15157765157612973
2,50% KD ENHED 33S 2018;0.15074654398287748
2,00% BRFkredit 321.B 2017;0.14915615859961767
1,50% STATER ST LAN 2023;0.14838811197437168
2,00% Nordeakre ann SDRO 2047;0.14812543566073377
2,00% Nordea Kredit INKjanRF 2020;0.1473171159955735
0,00% DLR Kredit 6CB-15OA 2018;0.14632526747888444
DIEUHYBAkDKKh;0.1460815953450687
1,00% RD 10S FA 2022;0.14408700879802197
2,50% KD ENHED 30S 2041;0.14101450594932094
11,00% KD ENHED 13S 2018;0.14093505053232758
4,00% DANMARK 10S DA 2017;0.14087331113561988
7,00% DLR 43S A B 2041;0.1400153627408598
2,00% NYK (TOT) 2NYKHBap 2019;0.13967539566716067
2,50% KK 90 AI 2017;0.13966698282783244
2,00% NYK (TOT) 12HBjanc 2024;0.13964953132669228
0,00% BRFkredit 422E.Cb3 2017;0.13952704210996736
6,00% BRFkredit 411.E.OA 2041;0.1389734733776921
0,00% NBF Kre Alt 2017;0.13776370440432625
7,00% JYDSK GRUND 04A 2033;0.1371024235529466
2,00% BRFkredit 321.E 2019;0.1363148500721199
3,00% Nordea Kredit INK jan 2021;0.1348259742930287
2,50% KD ENHED 37S 2018;0.13351122011509
2,00% Nykredit 90DBjanc 2023;0.13256841669258781
11,00% NYKREDIT 30S 2017;0.13144054253581577
6,00% SONDERJYDER 10S 02A 2030;0.13049475725717447
6,00% DLR 42S A 2019;0.13004702949970118
2,00% DLR STL ok B 2017;0.1287356252636047
7,00% TOTALKREDIT 111C. 2022;0.1284129096564598
CGS FMS GE FM R;0.12835082755900135
2,00% DLR ST.L. B 2018;0.12763868075876117
8,00% DANMARK 22S DA 2019;0.12728399983051858
5,00% NYKREDIT 01E 2041;0.1261932133798534
2,00% NYKREDIT 2NYK13Hj 2020;0.12585256342856072
6,00% DLR 43S A 2026;0.1255611414392703
2,00% NYK (TOT) 12EBoknc 2016;0.12451547717355207
2,00% DLR STL ok B 2019;0.12377464478409204
2,50% NYKREDIT 79S BA 2047;0.12374096819271223
2,50% BRF 93S 3A 2021;0.12234464339383987
7,00% NYKREDIT 13A 2024;0.1208723507650558
1,00% RD 10S FA 2019;0.11993779802905993
0,72% Totalkredit 30C 2028;0.11904397061046508
4,00% KK 301INKST 2024;0.11844007532666606
4,00% NYKREDIT 90DBjanc 2021;0.11690992141294039
2,00% NYK (TOT) 12HBjunc 2018;0.11510889183185723
3,00% DLR 43S OA B 2044;0.11477298801350082
7,00% TOTALKREDIT 111 2024;0.1145411869618785
7,00% DLR 43S A 2029;0.11379188387625062
2,50% KD ENHED 39S 2041;0.11332725826907106
9,00% NYKREDIT 30S 2017;0.11115447077558607
0,77% NYK (TK) 43D 2038;0.10812172155727715
10,00% KD ENHED 53.S. 2017;0.10794790642967135
2,50% KK 92 IS 2032;0.10770490657242698
4,00% Nordea INK SDRO 2020;0.10622488972545138
4,00% NYK (TK) 90D 2017;0.10592275236190642
9,00% NYKREDIT 03S 2020;0.10590256115557432
8,00% NYKREDIT 02A 2022;0.10509941823444995
5,00% BRFKREDIT A/S 111 2017;0.10454696693154694
1,00% BRFkredit 111.E 2032;0.10339738106624817
2,00% BRFkredit 111.E 2032;0.10333866659292204
4,50% HUSEJER 09S 02A 2029;0.10269968064515181
3,00% DLR 41.S.A 2018;0.10225833794615458
6,00% Nordeakre SDRO ANN 2031;0.10121288150293677
2,00% NYK (TOT) 12H B ok 2017;0.10031341176102772
2,00% BRFkredit 321.B.ok 2016;0.09977792893612329
2,00% LR ap RF 2019;0.09973871807086362
6,00% DANMARK 26S DA 2017;0.09903960118406328
5,00% TOTALKREDIT 111C 2029;0.09721921936803975
6,00% UNIKREDIT ANN 1993 2026;0.09562627840837112
7,00% TOTALKREDIT 211 2024;0.09300133691358693
6,00% NYKREDIT 05A 2017;0.09260438926101473
10,00% NYKREDIT 43 S INK 2018;0.09241792104487392
6,00% NY JY KOB 12S 01A 2024;0.09218932707785038
12,00% DLR 43S A 2018;0.09165939797052591
9,00% NYKREDIT 13A 2024;0.09157474169822527
4,50% SONDERJYDER 02S 2020;0.09115019892011476
4,00% BRFkredit 321B.RTL 2017;0.09087540393597168
2,00% BRFkredit 111.E 2047;0.08983086330134094
1,00% Nykredit 1NYK13Ga 2021;0.08915102770626156
8,00% DLR 43S A 2023;0.08899446755160517
5,00% NYKREDIT 68A 2018;0.0886051847685102
2,50% KD ENHED 35S AA 2032;0.0880364365482897
6,00% DANMARK 63S DA 2038;0.08744318784863973
0,11% NYK (TOT) F6NYK41D 2019;0.08729936925591852
4,00% DLR 42S A B 2034;0.08727260651793613
0,00% NYKREDIT 21E 2041;0.08586285870343938
4,00% NYK (TOT) 12HBja 2018;0.0858063625020645
12,00% NYKREDIT 03S 2020;0.0856861453268393
12,00% NYKREDIT 13 S S 2017;0.08483325566606335
8,00% BRFKREDIT A/S 111D 2022;0.0846300819606409
9,00% NYKREDIT 13S AA 2022;0.0842845871840354
5,00% DLR 43S A 2029;0.08368054564063793
2,50% KD ENHED 30S AA 2044;0.08312894719993578
1,50% BRFkredit 111.E 2037;0.08225762266601115
2,50% NYKREDIT 77 INDEX 2041;0.0820428619878423
1,00% BRFkredit 321.E.ok 2019;0.08069812417207134
2,00% BRFkredit 111.E 2037;0.08041665033076048
2,50% DANMARK 30S DA 2050;0.07924031018845706
9,00% KD ENHED 23S 2020;0.07815749158124288
4,00% NYK (TK) 90D 2018;0.07734149710689012
4,00% DLR 43S A B 2044;0.07731106727156967
9,00% NYKREDIT 43 INK 2018;0.07631967531873628
6,00% DLR 42S A 2022;0.07565996329988753
2,00% BRFkredit 321.E 2023;0.07560070154412861
1,00% NYK (TOT) 1NYK13Hj 2024;0.07500859492152538
6,00% UNIKREDIT ANN 1999 2017;0.07402861830247623
2,50% NYKREDIT 77S BA 2044;0.07395585452851772
DIE USA;0.0730251509291545
10,00% JK ALM 04S 2019;0.07196201577075588
2,00% DLR ap B RF 2019;0.071821120381281
7,00% UNIKREDIT ANN 1996 2019;0.07059469916741631
10,00% KD ENHED 53S BA 2024;0.07052583966090485
6,00% NYKREDIT 05D 2020;0.06890521519160916
9,00% BRF 47S 3A 2020;0.06841623678134466
1,00% NYK (TOT) 1NYK13Ha 2019;0.06705515572486694
9,00% DLR 43S A 2020;0.0668459304456076
0,00% DLR 6F410OA1 2018;0.06527284214208484
7,00% BRF SAR 13S 2018;0.0646932293820281
4,00% DLR 42S A 2025;0.0645922604328391
0,07% BRFkredit 322.E 2017;0.06340094272425068
7,00% UNIKREDIT ANN 1996 2029;0.06326731223410542
8,00% DANMARK 22S DA 2022;0.06294742362580855
4,00% STATER ST LAN 2019;0.06267785649842121
4,00% NYK (TOT) 12HBja 2019;0.06203483610596761
2,50% KK 91 IS 2047;0.06197650094923318
3,00% DLR 43S A B 2047;0.06190447558803584
4,50% STATER ST LAN 2039;0.061513108536591
0,52% NYK (TK) 21E 2041;0.060341155888892786
8,00% TOTALKREDIT 111C. 2026;0.059640648796163556
1,00% NYK (TOT) 1NYK13HB 2020;0.05902626462107308
0,10% NBF USA 2017 2017;0.05876797145555672
4,00% NORDEA KREDIT OA 2035;0.05773612124352844
10,00% BRF ALM 74S 2019;0.057522451763111174
3,00% Kommunekredit 210.s.A. 2033;0.056938743376170796
3,00% STATER ST LAN 2021;0.056827167495069435
1,00% RD 10S FA 2026;0.056713038212767734
0,10% Nordea Fin 30-2EURS 2018;0.05542076677709755
2,00% Nordea Kredit INK jan 2019;0.055262428594770964
4,00% BRFkredit 321.E 2017;0.05476949221713271
10,00% NYKREDIT 30S 2017;0.05400930671466674
1,00% NYK (TOT) 1NYK13Ho 2019;0.05362831484241508
4,00% Nordea Kredit INK jan 2021;0.05297486364927183
1,00% NYK (TOT) 1NYK13Hj 2023;0.05297162974016963
2,00% RD 10S TA 2019;0.05244321551439542
2,00% RD 10S TA 2017;0.052006970212888234
2,00% Nordea Kredit INK apr 2017;0.05182861220276046
4,00% BRFkredit 321.E 2020;0.050335200925249436
2,00% NYK (TOT) 2NYK12Ho 2019;0.04951173830828806
2,00% NYK (TOT) 2NYK13Hj 2026;0.04889956038121629
10,00% NYKREDIT 13 S S 2020;0.04874059000443103
Ress Life Inv;0.048600311041990675
2,00% KK 309STINK 2024;0.0482443906885542
2,00% Nordea Kredit INKaprRF 2020;0.04804987916941613
4,00% RD 10S SA 2018;0.04680553531996245
2,50% NYKREDIT 73S BA 2024;0.04620253379455993
0,50% Foroya Foroya 2021;0.04609356994699239
5,00% DANMARK 26S DA 2017;0.045878962304325366
7,00% BRFKREDIT A/S 111 2019;0.04534552663075769
0,00% RD 12S FA 2019;0.04494876523539528
1,00% DLR IT ja B 2017;0.04480832875948392
2,00% LR ANN 2034;0.044649990197153155
2,50% BRFKREDIT A/S 223 W.I. 2030;0.044293358084430426
0,77% Totalkredit 30C 2028;0.04420000838619415
2,50% NYKREDIT 79S BA 2050;0.04392032589655252
2,00% Nordea Kredit INK apr 2019;0.04390209808489573
1,75% STATEN ST LAN 2025;0.04305489656651694
6,00% NYKREDIT 12S CA 2019;0.04252751504655868
7,00% UNIKREDIT ANN 1999 2032;0.041729693992325
2,50% NYKREDIT 79 IS 2041;0.04120166029905051
5,50% JYDSK GRUND 02A 2033;0.04076665113934952
7,00% BRF ALM 74S 2019;0.0406023204731628
7,00% DLR 42S A 2019;0.04012541171398537
Nykredit/-0.16/ F6NYK32H 2018;0.04002349618084807
0,37% NYK (TK) 21E 2041;0.03980570093326563
3,00% DK Skibskr 3SKjan17 2017;0.03972350576906071
3,00% Kommunekredit 209.s.A 2028;0.039712145920904336
2,50% STATER ST LAN 2016;0.039042754221056256
2,50% NYKREDIT 73S BA 2027;0.03854370773182671
0,00% NYKREDIT F3NYK21H 2017;0.0384672531657765
0,58% RD 30S SA 2041;0.038175362728287955
2,50% DANMARK 30S AA 2046;0.038045188958746264
0,00% NYK (TOT) 25CF6NYK 2020;0.03796377060001202
6,00% DLR 43S 0A B 2041;0.03733135024662031
4,00% NORDEA KREDIT INK 2017;0.037303646949531706
2,00% DLR 43S A B 2047;0.03630232612297418
5,00% RD 53S DA 2038;0.035790515596346884
2,00% BRFkredit 321.E.ok 2016;0.03495843227479825
1,00% RD 10S FA 2021;0.034665422170732055
3,00% Nordea Kredit INK jan 2022;0.033755375988338436
1,00% RD 10S FA 2017;0.033098852441548615
2,50% KK 98 AI 2020;0.032506808719587145
4,50% FYNS KRF 13S 03A 2029;0.03224331116923664
2,00% RD 10S TA 2025;0.03191713076215041
2,00% NYK (TOT) 12HBjanc 2020;0.031244080056891898
0,52% TOTALKREDIT 30C 2038;0.03038932584438065
2,50% NYKREDIT 75S BA 2031;0.030262655259079528
6,00% SONDERJYDER 10S 01A 2025;0.03011238263388382
1,00% BRFkredit 321.E.ap 2021;0.030041042049291623
9,00% DLR 43S A 2023;0.029889259001974235
2 Europ Inv Bk 26;0.029861925714747706
0,02% Nykredit 31GF3Hnc 2016;0.028911160478718147
2,00% Nordea Kredit janRF 2019;0.028464345346397944
5,00% DLR 42S A B 2031;0.028126437681357638
5,00% LRF LRF ANN. 2035;0.028074824352589584
9,00% NYKREDIT 03S 2017;0.027818257132653613
8,00% NYKREDIT 02S CA 2019;0.027661401678484826
6,00% HUSEJER 01S 02A 2030;0.02736933850004228
4,00% NYK (TOT) 01E A 2029;0.027135230198323892
6,00% KBHV KREDIT 13S 03A 2025;0.027006296602560802
10,00% BRF ENHED 47S 2017;0.026405027670716782
2,00% NYK (TOT) 12HBjanc 2021;0.026254216936549
0,58% BRFkredit 154.E 2041;0.026114016239208962
6,00% NORDEA KREDIT OA 2038;0.025874100961928485
4,00% LR ANN 2041;0.02565933205117934
2,00% DLR ja B 2020;0.025279497676454182
1,50% RD 23S SA 2047;0.02523486603978298
2,00% NYK (TOT) 12HBapnc 2017;0.02462716300196033
11,00% BRF 47S 3A 2020;0.024394588735465638
11,00% DLR L 2018 A 2018;0.024353541172901276
5,00% RD 63S DA 2038;0.024288213684166837
0,68% RD 83S DA 2038;0.024159743833781784
0,68% RD 73S DA 2038;0.02406915075518204
0,93% BRFKREDIT A/S 454.B 2038;0.023795837385443386
6,50% JYDSK GRUND 04A 2033;0.02366472349506097
2,50% BRFkredit 111.E 2034;0.023457441996550987
4,00% Kommunekredit 225 s 4 2037;0.023141638992903186
6,00% DLR 43S 0A 2038;0.022784763801001633
2,50% KK 97 IS 2050;0.02273123301469232
11,00% NYKREDIT 03S 2017;0.022384778201300526
0,23% Nykredit F3NYK32G 2018;0.02235403373127113
5,00% Nordeakre sdro ink 2019;0.0222948395426328
4,00% Kommunekredit 214s A. 2034;0.022103139929636802
10,00% FK ALM 08S 2021;0.021799490580325383
2,00% Nykredit 90DBjanc 2024;0.021726144257734364
3,00% DLR 43S A B 2044;0.021154871253504445
2,50% NYKREDIT 73 INDEX 2021;0.020901150374471454
PFAInvMIObl;0.020764851967383147
9,00% KD ENHED 53S AA 2022;0.020340945339547178
1,00% NYK (TOT) 1NYK13Hj 2019;0.020144073068008396
4,00% BRFkredit 321B.RTL 2018;0.020140356397347414
0,93% Nordea Kredit 5CF OA 2038;0.019807849315591694
4,00% BRFkredit 321.E 2019;0.019617623381349876
2,50% LR ANNOA 2047;0.019546636696016213
0,00% NYKREDIT F3NYKHju 2017;0.019507352292217266
4,00% NYK (TOT) 12HBja 2021;0.019469786964059294
JIIBalSt(GBP) CL;0.01934893000417077
5,00% JYDSK HUSMAND 06A 2032;0.019275077729474913
8,00% UNIKREDIT ANN 2000 2022;0.019248389665971696
3,00% Nordea Kredit INK okt 2016;0.019110239144324234
1,00% BRFkredit 321.E.ap 2020;0.019009495408637878
2,00% NYK (TOT) 12HBjanc 2022;0.018964669869639406
2,00% DLR ok B RF 2019;0.018264140591005652
2,00% Nykredit 12HBjanc 2018;0.018160237613332898
9,00% KD ENHED 23S 2017;0.018061713306167192
1,00% NYK (TOT) 1NYK13Ho 2018;0.017189466403918233
4,00% Nordeakre ink 2017;0.016985229827895132
3,50% LR ANN 2044;0.016955080264010693
0,63% DLR SSB B ok 2016;0.01665385600819882
11,00% KD ENHED 23S 2017;0.016493176282634203
0,00% Nykredit 31HF3Hnc 2016;0.016244491465333712
1,00% NYK (TOT) 1NYK13Hj 2022;0.016123135993330737
2,00% DLR ok B RF 2018;0.015619804261213262
3,00% Kommunekredit 211.s.A. 2022;0.015105979184947866
6,00% DLR 43S A 2038;0.014713050956872396
10,00% BRF 58S 3A 2020;0.014547157627323108
0,77% Totalkredit 40C 2038;0.014146463493072364
0,00% DLR 6F410OAB 2019;0.01395224059119504
1,00% RD 10S FA 2018;0.01390764577660323
2,00% Nordea Kredit INKaprIT 2017;0.013336777025393228
0,58% BRFkredit 454.E.OA 2041;0.013220569194335834
11,00% NYKREDIT 13 S S 2020;0.013193893961444098
9,00% KD ENHED 53S 2020;0.013010235061231498
3,00% BRFkredit 111.E 2031;0.012782880528418517
0,43% Var SK 19 2019;0.01254973088120015
7,00% FK ALM 08S 2019;0.012484447837985267
3,25% Nykredit JCB 2017;0.012431996976538332
0,75% Nykredit NYKSrn21 2021;0.012209845237769648
Nordea Kredit/-0.03/ CIBOR6OA 2018;0.011741545287615928
1,00% RD 10S FA 2025;0.011464964403302625
9,00% TOTALKREDIT 111 2024;0.011134590548780628
5,00% JYDSK HUSMAND 04A 2027;0.010788663918368226
0,72% NYK (TK) 32D 2028;0.010387493245481943
0,02% Nordea Kredit CIBOR6OA 2017;0.009825962096086216
2,50% NYKREDIT 73S BA 2030;0.00981993548279472
2,50% BRFkredit 111.E 2037;0.009459645741927697
2,00% RD 10S UA 2020;0.009244766142011885
2,00% RD 10S TA 2022;0.009227584430888504
9,00% KD ENHED 53S BA 2024;0.008820873777987683
NI E Emer.M.B;0.00879424686558967
1,98% RD 41S SA 2039;0.008501810622194775
5,00% DLR 42S A 2019;0.008271109164019392
4,00% NYK (TOT) 12HBja 2022;0.007882467892416594
Nordea Kredit/-0.02/ CITA6 OA 2018;0.007747741634439615
0,39% BRFkredit 414.E.OA 2016;0.007529559354339937
0,00% BRFkredit 422.E.OA 2021;0.007445157630359856
2,00% LR ANN 2037;0.006655389183412688
2,00% Nordea Kredit INK okt 2016;0.006591499247005707
6,00% BRFKREDIT A/S 142 B 2038;0.006568305576590441
1,00% NYK (TOT) 1NYK13Ha 2021;0.006323208454760608
5,00% DLR 42S A 2022;0.006244946117791714
2,50% DLR 42S A B 2034;0.00604381467546102
0,00% NYKREDIT 21E 2019;0.005979235858490454
2,00% Nykredit 12HBjanc 2017;0.005958216583517531
2,00% Nordea Kredit INK jan 2018;0.005899942928801142
2,50% KK 87 IS 2029;0.005452153517939184
1,00% NYK (TOT) 1NYK13Ha 2017;0.005315538867769659
Nykredit/-0.08/ F3NYK32H 2018;0.0052937922037991116
1,00% NYK (TOT) 1NYK13HB 2016;0.005286354430060586
2,50% BRFKREDIT A/S 223   IS 2031;0.005239864669473582
3,00% LR ANN 2047;0.0047676933362300255
3,00% LR ANN 2034;0.00472006844504368
1,00% jaNYK (TOT) 1NYK13Hj 2017;0.004677680976353457
0,25% STATEN ST LAN 2018;0.004582362248671955
1,00% BRFkredit 321:E 2025;0.004424674979820477
1,00% NYK (TOT) 1NYK13Hj 2021;0.004371771064007697
2,00% DK Skibskr 2 SK 22 2022;0.004304151813797442
4,00% BRFkredit 321.E 2018;0.0037869174084089177
0,77% Totalkredit 30C 2038;0.003182095512863532
1,00% NYKREDIT 1NYK13Ga 2019;0.003145849891185683
1,00% NYKREDIT 1NYK13Ga 2018;0.0029214357396063814
1,00% NYKREDIT 1NYK91Dj 2020;0.0028845667959425192
1,00% NYK (TOT) 1NYK13Hj 2017;0.002331264933594342
4,00% NYKREDIT 90DBjanc 2017;0.0019712437159454905
3,00% LR ANNOA 2044;0.0019259998179530845
1,00% RD 10S FA 2023;0.0018067750294108278
0,93% BRFKREDIT A/S 154.B 2038;0.001743868520993332
2,50% KK 85 IS 2044;0.0013076208177483185
2,00% BRFkredit 321.E.ok 2018;0.0010559879589393225
2,00% Nordea Kredit INK jan 2017;0.0009927693172663346
0,52% DLR CF643S A 2038;0.0009685151208676839
1,00% BRFkredit 411.Ef 2019;0.0009376406782852476
2,00% BRFkredit 321.E.ap 2019;0.0008871988060247864
0,93% Nordea Kredit 5CF 2038;0.0008735906734901962
6,00% NORDEA KREDIT ANN 2038;0.0008330068364254094
5,00% FISKERIBANKEN 57S 2019;0.0007571731251478698
0,77% NYK (TK) 32D 2028;0.0006394053390306125
0,00% NYK (TOT) F6NYKHju 2017;0.0005732878476581768
2,00% DLR ST.L. B 2019;0.0005675694596749304
1,00% RD 10S FA 2020;0.0004892921400084117
2,00% Nordea Kredit INKjanRF 2025;0.0003927915973907051
2,00% BRFkredit 321.E.ok 2017;0.00035965549333005764
0,52% DLR CF643SOA 2038;0.0002556393704597812
0,15% NYK (TOT) 31H350CF 2018;0.00016495704314198898
1,50% BRFkredit 111.E 2047;0.00013997832417074748
1,00% BRFkredit 111.E 2027;0.00012011880315049898
2,00% DLR STL ok B 2016;2.4911016610614508e-05
1,00% NYK (TOT) 1NYK13Ho 2017;2.407052047491836e-05
9,00% BRF 48S 3A 2025;2.0195321067233857e-05
NYKREDIT/-0.03/ F3NYK32H 2018;8.760518846449057e-07
0,58% Nordeakre 6CF 2041;7.584754329365291e-07
0,00% RD 12S GA 2017;6.76781134814528e-07
0,00% NYK (TOT) F6NYKHHj 2018;6.383527525806027e-07
0,00% Nordeakre euribor 2018;3.801682533125415e-07
0,00% RD 12S QA 2018;3.5437723620626e-07
0,00% NYKREDIT F3NYKGlu 2017;3.5070900195456073e-07
0,00% NYKREDIT F3NYKHLU 2016;2.4989022208658374e-07
0,07% NYKREDIT F3NYKHLU 2019;2.2507686930276327e-07
0,44% NYKREDIT F3NYK22H 2018;1.401985711878646e-07
0,02% Nykredit F3NYKHHo 2017;1.2665657773581402e-07
3,00% LR ANN 2044;6.624817342380991e-08
0,00% NYKREDIT F3NYKHok 2017;6.413038242865227e-08
3,00% KK 232 s 3 2044;5.3557844888390594e-08
0,00% RD 11S FA 2017;3.8671230505659714e-08
4,00% DLR 42S A B 2031;3.547214079147992e-08
0,12% Nykredit F3NYK31H 2017;4.478268997648001e-10
1,00% NYKREDIT 1NYK13Ga 2017;0.0
2,00% RD 10S UA 2017;0.0
2,00% Nordea Kredit INK okt 2019;0.0
1,00% NYKREDIT 1NYK91Dj 2019;0.0
DIPPAACA;0.0
1,75% NYKREDIT JCB 2019;0.0
1,00% NYKREDIT 1NYK91Dj 2023;0.0
1,00% NYKREDIT 1NYK91Dj 2022;0.0
1,00% NYKREDIT 1NYK91Dj 2021;0.0
DIEABKO;0.0
1,00% Nykredit 1NYK91Da 2017;0.0
0,00% Staten SKBV IV 2016;0.0
1,00% NYKREDIT 1NYK91Dj 2018;0.0
APIGa2 Oms.begrans;0.0
KDIIDLID0;0.0
DIEDOV0-6;0.0
0,01% Nykredit 31HF3Hnc 2016;0.0
2,00% DLR ok B RF 2017;0.0
KFDIIDPHY Oms.begrans - kontof;0.0
1,00% NYKREDIT 1NYK13Hj 2017;0.0
1,00% NYKREDIT 1NYK13Hj 2018;0.0
1,00% NYKREDIT 1NYK13Hj 2019;0.0
7,00% LRF LRF ANN 2032;0.0
DIGIESGACC;0.0
0,00% Nykredit 21E3DA l 2019;0.0
1,00% NYKREDIT 1NYK13Hj 2021;0.0
1,00% NYK (TOT) 1NYK13Hj 2018;0.0
0,00% Nykredit 29D3DA l 2018;0.0
4,00% LR LR ANN 2035;0.0
2,00% NYKREDIT 2NYK91Dj 2025;0.0
KFDIDPNOG;0.0
0,00% LR Realkre 6CB-15OA 2018;0.0
0,72% Totalkredit 40C 2028;0.0
1,00% BRFkredit 411.Ef 2018;0.0
2,00% DLR ap B RF 2018;0.0
4,00% NYKREDIT 90DBjanc 2019;0.0
4,00% NYKREDIT 90DBjanc 2018;0.0
2,00% BRFkredit 321.B.20 2020;0.0
2,00% Nykredit 2NYK91Dj 2026;0.0
PCPiCxJAD;0.0
9,00% TOTALKREDIT 211 2024;0.0
KF DII DP Oms.begrans;0.0
0,16% DLR Kredit 6CB RF 2020;0.0
0,20% KK 228s St var 2022;0.0
0,00% BRFkredit 422E.Ct6 2017;0.0
APIAeJ Oms.begrans;0.0
SI SICAV Corp. Val. Bds EUR I;0.0
4,00% NYKREDIT 90DBjanc 2022;0.0
0,33% NYK (TOT) F6NYK20D 2018;0.0
1,00% Nykredit 1NYK91Dj 2017;0.0
Fdipilpen2040 Oms.begrans;0.0
KFDIDPLOL;0.0
1,00% Nordea Kredit janIT1Y 2017;0.0
KFDIDPNKO;0.0
APIGVA Oms.begrans;0.0
2,00% Nykredit 12HBjanc 2019;0.0
